Workbook

Sheet Summary
A1: B16 dataset summary - every number below is a formula over the other sheets
A3: Instances per pattern and version (patterns_evolution)
A4: pattern | B4: Original code | C4: Code after Change3 | D4: Code after Change1 | E4: Code after Change2
A5: Adapter | B5: =COUNTIFS(patterns_evolution!$A:$A,B$4,patterns_evolution!$B:$B,$A5) | C5: =COUNTIFS(patterns_evolution!$A:$A,C$4,patterns_evolution!$B:$B,$A5) | D5: =COUNTIFS(patterns_evolution!$A:$A,D$4,patterns_evolution!$B:$B,$A5) | E5: =COUNTIFS(patterns_evolution!$A:$A,E$4,patterns_evolution!$B:$B,$A5)
A6: Chain of Responsibility | B6: =COUNTIFS(patterns_evolution!$A:$A,B$4,patterns_evolution!$B:$B,$A6) | C6: =COUNTIFS(patterns_evolution!$A:$A,C$4,patterns_evolution!$B:$B,$A6) | D6: =COUNTIFS(patterns_evolution!$A:$A,D$4,patterns_evolution!$B:$B,$A6) | E6: =COUNTIFS(patterns_evolution!$A:$A,E$4,patterns_evolution!$B:$B,$A6)
A7: Command | B7: =COUNTIFS(patterns_evolution!$A:$A,B$4,patterns_evolution!$B:$B,$A7) | C7: =COUNTIFS(patterns_evolution!$A:$A,C$4,patterns_evolution!$B:$B,$A7) | D7: =COUNTIFS(patterns_evolution!$A:$A,D$4,patterns_evolution!$B:$B,$A7) | E7: =COUNTIFS(patterns_evolution!$A:$A,E$4,patterns_evolution!$B:$B,$A7)
A8: Composite | B8: =COUNTIFS(patterns_evolution!$A:$A,B$4,patterns_evolution!$B:$B,$A8) | C8: =COUNTIFS(patterns_evolution!$A:$A,C$4,patterns_evolution!$B:$B,$A8) | D8: =COUNTIFS(patterns_evolution!$A:$A,D$4,patterns_evolution!$B:$B,$A8) | E8: =COUNTIFS(patterns_evolution!$A:$A,E$4,patterns_evolution!$B:$B,$A8)
A9: Decorator | B9: =COUNTIFS(patterns_evolution!$A:$A,B$4,patterns_evolution!$B:$B,$A9) | C9: =COUNTIFS(patterns_evolution!$A:$A,C$4,patterns_evolution!$B:$B,$A9) | D9: =COUNTIFS(patterns_evolution!$A:$A,D$4,patterns_evolution!$B:$B,$A9) | E9: =COUNTIFS(patterns_evolution!$A:$A,E$4,patterns_evolution!$B:$B,$A9)
A10: Factory Method | B10: =COUNTIFS(patterns_evolution!$A:$A,B$4,patterns_evolution!$B:$B,$A10) | C10: =COUNTIFS(patterns_evolution!$A:$A,C$4,patterns_evolution!$B:$B,$A10) | D10: =COUNTIFS(patterns_evolution!$A:$A,D$4,patterns_evolution!$B:$B,$A10) | E10: =COUNTIFS(patterns_evolution!$A:$A,E$4,patterns_evolution!$B:$B,$A10)
A11: Null Object | B11: =COUNTIFS(patterns_evolution!$A:$A,B$4,patterns_evolution!$B:$B,$A11) | C11: =COUNTIFS(patterns_evolution!$A:$A,C$4,patterns_evolution!$B:$B,$A11) | D11: =COUNTIFS(patterns_evolution!$A:$A,D$4,patterns_evolution!$B:$B,$A11) | E11: =COUNTIFS(patterns_evolution!$A:$A,E$4,patterns_evolution!$B:$B,$A11)
A12: Observer | B12: =COUNTIFS(patterns_evolution!$A:$A,B$4,patterns_evolution!$B:$B,$A12) | C12: =COUNTIFS(patterns_evolution!$A:$A,C$4,patterns_evolution!$B:$B,$A12) | D12: =COUNTIFS(patterns_evolution!$A:$A,D$4,patterns_evolution!$B:$B,$A12) | E12: =COUNTIFS(patterns_evolution!$A:$A,E$4,patterns_evolution!$B:$B,$A12)
A13: Strategy | B13: =COUNTIFS(patterns_evolution!$A:$A,B$4,patterns_evolution!$B:$B,$A13) | C13: =COUNTIFS(patterns_evolution!$A:$A,C$4,patterns_evolution!$B:$B,$A13) | D13: =COUNTIFS(patterns_evolution!$A:$A,D$4,patterns_evolution!$B:$B,$A13) | E13: =COUNTIFS(patterns_evolution!$A:$A,E$4,patterns_evolution!$B:$B,$A13)
A14: Template Method | B14: =COUNTIFS(patterns_evolution!$A:$A,B$4,patterns_evolution!$B:$B,$A14) | C14: =COUNTIFS(patterns_evolution!$A:$A,C$4,patterns_evolution!$B:$B,$A14) | D14: =COUNTIFS(patterns_evolution!$A:$A,D$4,patterns_evolution!$B:$B,$A14) | E14: =COUNTIFS(patterns_evolution!$A:$A,E$4,patterns_evolution!$B:$B,$A14)
A15: total instances | B15: =SUM(B5:B14) | C15: =SUM(C5:C14) | D15: =SUM(D5:D14) | E15: =SUM(E5:E14)
A16: pattern types | B16: =COUNTIF(B5:B14,">0") | C16: =COUNTIF(C5:C14,">0") | D16: =COUNTIF(D5:D14,">0") | E16: =COUNTIF(E5:E14,">0")
A17: check: total in pattern_counts | B17: =SUMIFS(pattern_counts!$D:$D,pattern_counts!$A:$A,B$4,pattern_counts!$B:$B,"total_pattern_instances") | C17: =SUMIFS(pattern_counts!$D:$D,pattern_counts!$A:$A,C$4,pattern_counts!$B:$B,"total_pattern_instances") | D17: =SUMIFS(pattern_counts!$D:$D,pattern_counts!$A:$A,D$4,pattern_counts!$B:$B,"total_pattern_instances") | E17: =SUMIFS(pattern_counts!$D:$D,pattern_counts!$A:$A,E$4,pattern_counts!$B:$B,"total_pattern_instances")
A19: Status after change, per version
A20: status | B20: =B4 | C20: =C4 | D20: =D4 | E20: =E4
A21: baseline | B21: =COUNTIFS(patterns_evolution!$A:$A,B$20,patterns_evolution!$H:$H,$A21) | C21: =COUNTIFS(patterns_evolution!$A:$A,C$20,patterns_evolution!$H:$H,$A21) | D21: =COUNTIFS(patterns_evolution!$A:$A,D$20,patterns_evolution!$H:$H,$A21) | E21: =COUNTIFS(patterns_evolution!$A:$A,E$20,patterns_evolution!$H:$H,$A21)
A22: preserved | B22: =COUNTIFS(patterns_evolution!$A:$A,B$20,patterns_evolution!$H:$H,$A22) | C22: =COUNTIFS(patterns_evolution!$A:$A,C$20,patterns_evolution!$H:$H,$A22) | D22: =COUNTIFS(patterns_evolution!$A:$A,D$20,patterns_evolution!$H:$H,$A22) | E22: =COUNTIFS(patterns_evolution!$A:$A,E$20,patterns_evolution!$H:$H,$A22)
A23: modified | B23: =COUNTIFS(patterns_evolution!$A:$A,B$20,patterns_evolution!$H:$H,$A23) | C23: =COUNTIFS(patterns_evolution!$A:$A,C$20,patterns_evolution!$H:$H,$A23) | D23: =COUNTIFS(patterns_evolution!$A:$A,D$20,patterns_evolution!$H:$H,$A23) | E23: =COUNTIFS(patterns_evolution!$A:$A,E$20,patterns_evolution!$H:$H,$A23)
A24: extended | B24: =COUNTIFS(patterns_evolution!$A:$A,B$20,patterns_evolution!$H:$H,$A24) | C24: =COUNTIFS(patterns_evolution!$A:$A,C$20,patterns_evolution!$H:$H,$A24) | D24: =COUNTIFS(patterns_evolution!$A:$A,D$20,patterns_evolution!$H:$H,$A24) | E24: =COUNTIFS(patterns_evolution!$A:$A,E$20,patterns_evolution!$H:$H,$A24)
A25: replaced | B25: =COUNTIFS(patterns_evolution!$A:$A,B$20,patterns_evolution!$H:$H,$A25) | C25: =COUNTIFS(patterns_evolution!$A:$A,C$20,patterns_evolution!$H:$H,$A25) | D25: =COUNTIFS(patterns_evolution!$A:$A,D$20,patterns_evolution!$H:$H,$A25) | E25: =COUNTIFS(patterns_evolution!$A:$A,E$20,patterns_evolution!$H:$H,$A25)
A26: removed | B26: =COUNTIFS(patterns_evolution!$A:$A,B$20,patterns_evolution!$H:$H,$A26) | C26: =COUNTIFS(patterns_evolution!$A:$A,C$20,patterns_evolution!$H:$H,$A26) | D26: =COUNTIFS(patterns_evolution!$A:$A,D$20,patterns_evolution!$H:$H,$A26) | E26: =COUNTIFS(patterns_evolution!$A:$A,E$20,patterns_evolution!$H:$H,$A26)
A27: newly_introduced | B27: =COUNTIFS(patterns_evolution!$A:$A,B$20,patterns_evolution!$H:$H,$A27) | C27: =COUNTIFS(patterns_evolution!$A:$A,C$20,patterns_evolution!$H:$H,$A27) | D27: =COUNTIFS(patterns_evolution!$A:$A,D$20,patterns_evolution!$H:$H,$A27) | E27: =COUNTIFS(patterns_evolution!$A:$A,E$20,patterns_evolution!$H:$H,$A27)
A29: Cross-language (cross_language): average over the two patterns
A30: language | B30: avg source_loc | C30: max function CC | D30: avg median ms | E30: programs
A31: Java | B31: =AVERAGEIF(cross_language!$C:$C,$A31,cross_language!$E:$E) | C31: =SUMPRODUCT(MAX((cross_language!$C$2:$C$9=$A31)*cross_language!$F$2:$F$9)) | D31: =AVERAGEIF(cross_language!$C:$C,$A31,cross_language!$J:$J) | E31: =COUNTIF(cross_language!$C:$C,$A31)
A32: Python | B32: =AVERAGEIF(cross_language!$C:$C,$A32,cross_language!$E:$E) | C32: =SUMPRODUCT(MAX((cross_language!$C$2:$C$9=$A32)*cross_language!$F$2:$F$9)) | D32: =AVERAGEIF(cross_language!$C:$C,$A32,cross_language!$J:$J) | E32: =COUNTIF(cross_language!$C:$C,$A32)
A33: JavaScript | B33: =AVERAGEIF(cross_language!$C:$C,$A33,cross_language!$E:$E) | C33: =SUMPRODUCT(MAX((cross_language!$C$2:$C$9=$A33)*cross_language!$F$2:$F$9)) | D33: =AVERAGEIF(cross_language!$C:$C,$A33,cross_language!$J:$J) | E33: =COUNTIF(cross_language!$C:$C,$A33)
A34: C++ | B34: =AVERAGEIF(cross_language!$C:$C,$A34,cross_language!$E:$E) | C34: =SUMPRODUCT(MAX((cross_language!$C$2:$C$9=$A34)*cross_language!$F$2:$F$9)) | D34: =AVERAGEIF(cross_language!$C:$C,$A34,cross_language!$J:$J) | E34: =COUNTIF(cross_language!$C:$C,$A34)
A36: LLM claim verification
A37: verdict | B37: Part 1 | C37: Part 2 | D37: Part 3
A38: correct | B38: =COUNTIF(verification_part1!$E:$E,$A38) | C38: =COUNTIF(verification_part2!$E:$E,$A38) | D38: =COUNTIF(verification_part3!$E:$E,$A38)
A39: partially correct | B39: =COUNTIF(verification_part1!$E:$E,$A39) | C39: =COUNTIF(verification_part2!$E:$E,$A39) | D39: =COUNTIF(verification_part3!$E:$E,$A39)
A40: incorrect* | B40: =COUNTIF(verification_part1!$E:$E,$A40) | C40: =COUNTIF(verification_part2!$E:$E,$A40) | D40: =COUNTIF(verification_part3!$E:$E,$A40)
A41: cannot confirm | B41: =COUNTIF(verification_part1!$E:$E,$A41) | C41: =COUNTIF(verification_part2!$E:$E,$A41) | D41: =COUNTIF(verification_part3!$E:$E,$A41)
A42: rows checked | B42: =COUNTA(verification_part1!$A:$A)-2 | C42: =COUNTA(verification_part2!$A:$A)-2 | D42: =COUNTA(verification_part3!$A:$A)-2
A43: rows checked = non-empty column A minus the header and the source note; 'incorrect*' also counts 'incorrect (proposed)'
A45: JUnit tests (test_counts)
A46: measure | B46: value
A47: launcher tests at baseline | B47: =SUMPRODUCT((test_counts!$B$2:$B$40="baseline")*test_counts!$E$2:$E$40)
A48: launcher tests after all changes | B48: =SUMPRODUCT(MAX((test_counts!$C$2:$C$40="launcher tests")*test_counts!$E$2:$E$40))
A49: all platform-tests after all changes | B49: =SUMPRODUCT(MAX((test_counts!$C$2:$C$40="all platform-tests")*test_counts!$E$2:$E$40))
A50: all jupiter-tests after CH02 | B50: =SUMPRODUCT(MAX((test_counts!$C$2:$C$40="all jupiter-tests")*test_counts!$E$2:$E$40))
A51: failures + errors in all recorded runs | B51: =SUM(test_counts!$G:$G)+SUM(test_counts!$H:$H)

Sheet patterns
A1: source_version | B1: pattern_name | C1: pattern_type | D1: instance_name | E1: participant_roles | F1: source_locations | G1: intent_and_evidence
A2: Original code | B2: Composite | C2: Structural | D2: A1 Test Descriptor Tree | E2: Component=org.junit.platform.engine.TestDescriptor; Composite (base)=org.junit.platform.engine.support.descriptor.AbstractTestDescriptor; Composite=org.junit.platform.engine.support.descriptor.EngineDescriptor; Composite=org.junit.jupiter.engine.descriptor.JupiterEngineDescriptor; Composite=org.junit.jupiter.engine.descriptor.ClassTestDescriptor; Composite=org.junit.jupiter.engine.descriptor.NestedClassTestDescriptor; Composite=org.junit.jupiter.engine.descriptor.ClassTemplateTestDescriptor; Composite=org.junit.jupiter.engine.descriptor.ClassTemplateInvocationTestDescriptor; Composite=org.junit.jupiter.engine.descriptor.TestTemplateTestDescriptor; Composite=org.junit.jupiter.engine.descriptor.TestFactoryTestDescriptor; Composite=org.junit.jupiter.engine.descriptor.DynamicContainerTestDescriptor; Leaf=org.junit.jupiter.engine.descriptor.TestMethodTestDescriptor; Leaf=org.junit.jupiter.engine.descriptor.TestTemplateInvocationTestDescriptor; Leaf=org.junit.jupiter.engine.descriptor.DynamicTestTestDescriptor; Client=org.junit.platform.launcher.core.EngineDiscoveryOrchestrator#applyPostDiscoveryFilters; Client=org.junit.platform.engine.support.hierarchical.NodeTestTask#executeRecursively | F2: data/code/junit-platform-engine/src/main/java/org/junit/platform/engine/TestDescriptor.java:37-427; data/code/junit-platform-engine/src/main/java/org/junit/platform/engine/support/descriptor/AbstractTestDescriptor.java:42-248; data/code/junit-platform-engine/src/main/java/org/junit/platform/engine/support/descriptor/EngineDescriptor.java:25-53; data/code/junit-jupiter-engine/src/main/java/org/junit/jupiter/engine/descriptor/JupiterEngineDescriptor.java:30-70; data/code/junit-jupiter-engine/src/main/java/org/junit/jupiter/engine/descriptor/ClassTestDescriptor.java:47-106; data/code/junit-jupiter-engine/src/main/java/org/junit/jupiter/engine/descriptor/NestedClassTestDescriptor.java:49-121; data/code/junit-jupiter-engine/src/main/java/org/junit/jupiter/engine/descriptor/ClassTemplateTestDescriptor.java:51-277; data/code/junit-jupiter-engine/src/main/java/org/junit/jupiter/engine/descriptor/ClassTemplateInvocationTestDescriptor.java:48-202; data/code/junit-jupiter-engine/src/main/java/org/junit/jupiter/engine/descriptor/TestTemplateTestDescriptor.java:41-167; data/code/junit-jupiter-engine/src/main/java/org/junit/jupiter/engine/descriptor/TestFactoryTestDescriptor.java:56-223; data/code/junit-jupiter-engine/src/main/java/org/junit/jupiter/engine/descriptor/DynamicContainerTestDescriptor.java:34-88; data/code/junit-jupiter-engine/src/main/java/org/junit/jupiter/engine/descriptor/TestMethodTestDescriptor.java:71-293; data/code/junit-jupiter-engine/src/main/java/org/junit/jupiter/engine/descriptor/TestTemplateInvocationTestDescriptor.java:42-104; data/code/junit-jupiter-engine/src/main/java/org/junit/jupiter/engine/descriptor/DynamicTestTestDescriptor.java:37-100; data/code/junit-platform-launcher/src/main/java/org/junit/platform/launcher/core/EngineDiscoveryOrchestrator.java:225-238; data/code/junit-platform-engine/src/main/java/org/junit/platform/engine/support/hierarchical/NodeTestTask.java:157-189 | G2: Engines build one tree of TestDescriptor nodes (engine > class > nested class > method > dynamic test); the launcher filters, prunes, visits and executes it without knowing node kinds. Evidence: TestDescriptor.accept visits itself then calls child.accept(visitor); AbstractTestDescriptor holds the children set and findByUniqueId recurses; NodeTestTask creates one child task per child. Transparent variant: leaf vs container is decided by getType().
A3: Original code | B3: Composite | C3: Structural | D3: A2 Composed Discovery Filter | E3: Component=org.junit.platform.engine.Filter; Composite=org.junit.platform.engine.CompositeFilter; Leaf=org.junit.platform.launcher.IncludeMethodFilter; Leaf=org.junit.platform.launcher.ExcludeMethodFilter; Leaf (lambda factory)=org.junit.platform.launcher.TagFilter; Client=org.junit.platform.launcher.core.EngineDiscoveryOrchestrator#applyPostDiscoveryFilters | F3: data/code/junit-platform-engine/src/main/java/org/junit/platform/engine/Filter.java:41-119; data/code/junit-platform-engine/src/main/java/org/junit/platform/engine/CompositeFilter.java:29-89; data/code/junit-platform-launcher/src/main/java/org/junit/platform/launcher/IncludeMethodFilter.java:31-58; data/code/junit-platform-launcher/src/main/java/org/junit/platform/launcher/ExcludeMethodFilter.java:31-58; data/code/junit-platform-launcher/src/main/java/org/junit/platform/launcher/TagFilter.java:48-184; data/code/junit-platform-launcher/src/main/java/org/junit/platform/launcher/core/EngineDiscoveryOrchestrator.java:225-238 | G3: All post-discovery filters are merged into one Filter by Filter.composeFilters; CompositeFilter implements Filter, holds a list of Filters and combines their FilterResults into one answer (first exclusion wins). Overlaps A3 (same leaf classes seen as strategies).
A4: Original code | B4: Strategy | C4: Behavioral | D4: A3 Post-Discovery Filter Policies | E4: Strategy=org.junit.platform.launcher.PostDiscoveryFilter; ConcreteStrategy=org.junit.platform.launcher.IncludeMethodFilter; ConcreteStrategy=org.junit.platform.launcher.ExcludeMethodFilter; ConcreteStrategy (lambdas)=org.junit.platform.launcher.TagFilter; Context=org.junit.platform.launcher.core.EngineDiscoveryOrchestrator#applyPostDiscoveryFilters | F4: data/code/junit-platform-launcher/src/main/java/org/junit/platform/launcher/PostDiscoveryFilter.java:35-36; data/code/junit-platform-launcher/src/main/java/org/junit/platform/launcher/IncludeMethodFilter.java:31-58; data/code/junit-platform-launcher/src/main/java/org/junit/platform/launcher/ExcludeMethodFilter.java:31-58; data/code/junit-platform-launcher/src/main/java/org/junit/platform/launcher/TagFilter.java:48-184; data/code/junit-platform-launcher/src/main/java/org/junit/platform/launcher/core/EngineDiscoveryOrchestrator.java:225-238 | G4: Selection rules (tag expressions, method-name patterns, custom filters) are interchangeable algorithms behind PostDiscoveryFilter; EngineDiscoveryOrchestrator only calls apply(). Overlaps A2.
A5: Original code | B5: Template Method | C5: Behavioral | D5: A4 Jupiter Descriptor Skeletons | E5: AbstractClass=org.junit.jupiter.engine.descriptor.JupiterTestDescriptor; TemplateMethod=org.junit.jupiter.engine.descriptor.JupiterTestDescriptor#getExecutionMode; TemplateMethod=org.junit.jupiter.engine.descriptor.JupiterTestDescriptor#getLegacyReportingName; TemplateMethod=org.junit.jupiter.engine.descriptor.JupiterTestDescriptor#copyIncludingDescendants; PrimitiveOperation=org.junit.jupiter.engine.descriptor.JupiterTestDescriptor#withUniqueId; ConcreteClass (hook)=org.junit.jupiter.engine.descriptor.ClassBasedTestDescriptor#getExplicitExecutionMode; ConcreteClass (hook)=org.junit.jupiter.engine.descriptor.MethodBasedTestDescriptor#getExplicitExecutionMode; ConcreteClass (primitive)=org.junit.jupiter.engine.descriptor.ClassTestDescriptor#withUniqueId | F5: data/code/junit-jupiter-engine/src/main/java/org/junit/jupiter/engine/descriptor/JupiterTestDescriptor.java:64-283; data/code/junit-jupiter-engine/src/main/java/org/junit/jupiter/engine/descriptor/JupiterTestDescriptor.java:163-167; data/code/junit-jupiter-engine/src/main/java/org/junit/jupiter/engine/descriptor/JupiterTestDescriptor.java:85-88; data/code/junit-jupiter-engine/src/main/java/org/junit/jupiter/engine/descriptor/JupiterTestDescriptor.java:256-263; data/code/junit-jupiter-engine/src/main/java/org/junit/jupiter/engine/descriptor/JupiterTestDescriptor.java:268-268; data/code/junit-jupiter-engine/src/main/java/org/junit/jupiter/engine/descriptor/ClassBasedTestDescriptor.java:167-169; data/code/junit-jupiter-engine/src/main/java/org/junit/jupiter/engine/descriptor/MethodBasedTestDescriptor.java:147-149; data/code/junit-jupiter-engine/src/main/java/org/junit/jupiter/engine/descriptor/ClassTestDescriptor.java:63-66 | G5: JupiterTestDescriptor fixes algorithms in final methods (getExecutionMode, getLegacyReportingName) and in copyIncludingDescendants, which calls the abstract primitive withUniqueId; subclasses override the hooks (getExplicitExecutionMode, getLegacyReportingBaseName, withUniqueId).
A6: Original code | B6: Template Method | C6: Behavioral | D6: A5 Child Ordering Skeleton | E6: AbstractClass=org.junit.jupiter.engine.discovery.AbstractOrderingVisitor; TemplateMethod=org.junit.jupiter.engine.discovery.AbstractOrderingVisitor#orderChildrenTestDescriptors; PrimitiveOperation=org.junit.jupiter.engine.discovery.AbstractOrderingVisitor#shouldNonMatchingDescriptorsComeBeforeOrderedOnes; ConcreteClass=org.junit.jupiter.engine.discovery.ClassOrderingVisitor; ConcreteClass=org.junit.jupiter.engine.discovery.MethodOrderingVisitor | F6: data/code/junit-jupiter-engine/src/main/java/org/junit/jupiter/engine/discovery/AbstractOrderingVisitor.java:39-222; data/code/junit-jupiter-engine/src/main/java/org/junit/jupiter/engine/discovery/AbstractOrderingVisitor.java:72-119; data/code/junit-jupiter-engine/src/main/java/org/junit/jupiter/engine/discovery/AbstractOrderingVisitor.java:126-126; data/code/junit-jupiter-engine/src/main/java/org/junit/jupiter/engine/discovery/ClassOrderingVisitor.java:38-165; data/code/junit-jupiter-engine/src/main/java/org/junit/jupiter/engine/discovery/MethodOrderingVisitor.java:41-174 | G6: AbstractOrderingVisitor.orderChildrenTestDescriptors runs a fixed ordering algorithm (select, wrap, sort, unwrap, merge) and asks the abstract hook shouldNonMatchingDescriptorsComeBeforeOrderedOnes, which ClassOrderingVisitor and MethodOrderingVisitor answer differently.
A7: Original code | B7: Observer | C7: Behavioral | D7: A6 Discovery Event Notification | E7: Observer=org.junit.platform.launcher.LauncherDiscoveryListener; Observer (base)=org.junit.platform.engine.EngineDiscoveryListener; ConcreteObserver=org.junit.platform.launcher.core.DiscoveryIssueCollector; ConcreteObserver=org.junit.platform.launcher.core.DiscoveryIssueReportingDiscoveryListener; Subject (attach)=org.junit.platform.launcher.core.DefaultLauncher#registerLauncherDiscoveryListeners; Subject (notify)=org.junit.platform.launcher.core.EngineDiscoveryOrchestrator#discoverEngineRoot; Subject (notify, in engine)=org.junit.platform.engine.support.discovery.EngineDiscoveryRequestResolution; Multicaster=org.junit.platform.launcher.listeners.discovery.CompositeLauncherDiscoveryListener | F7: data/code/junit-platform-launcher/src/main/java/org/junit/platform/launcher/LauncherDiscoveryListener.java:42-91; data/code/junit-platform-engine/src/main/java/org/junit/platform/engine/EngineDiscoveryListener.java:31-67; data/code/junit-platform-launcher/src/main/java/org/junit/platform/launcher/core/DiscoveryIssueCollector.java:25-65; data/code/junit-platform-launcher/src/main/java/org/junit/platform/launcher/core/DiscoveryIssueReportingDiscoveryListener.java:49-131; data/code/junit-platform-launcher/src/main/java/org/junit/platform/launcher/core/DefaultLauncher.java:73-77; data/code/junit-platform-launcher/src/main/java/org/junit/platform/launcher/core/EngineDiscoveryOrchestrator.java:189-214; data/code/junit-platform-engine/src/main/java/org/junit/platform/engine/support/discovery/EngineDiscoveryRequestResolution.java:60-263; data/code/junit-platform-launcher/src/main/java/org/junit/platform/launcher/listeners/discovery/CompositeLauncherDiscoveryListener.java:29-67 | G7: Discovery progress (launcher/engine discovery started and finished, selector processed, issues) is pushed to registered LauncherDiscoveryListeners that the orchestrator only knows by interface.
A8: Original code | B8: Adapter | C8: Structural | D8: A7 Orderer Descriptor Wrappers | E8: Target=org.junit.jupiter.api.ClassDescriptor; Target=org.junit.jupiter.api.MethodDescriptor; Adapter (base)=org.junit.jupiter.engine.discovery.AbstractAnnotatedDescriptorWrapper; Adapter=org.junit.jupiter.engine.discovery.DefaultClassDescriptor; Adapter=org.junit.jupiter.engine.discovery.DefaultMethodDescriptor; Adaptee=org.junit.jupiter.engine.descriptor.ClassBasedTestDescriptor; Adaptee=org.junit.jupiter.engine.descriptor.MethodBasedTestDescriptor; Client=org.junit.jupiter.engine.discovery.ClassOrderingVisitor | F8: data/code/junit-jupiter-api/src/main/java/org/junit/jupiter/api/ClassDescriptor.java:28-87; data/code/junit-jupiter-api/src/main/java/org/junit/jupiter/api/MethodDescriptor.java:29-90; data/code/junit-jupiter-engine/src/main/java/org/junit/jupiter/engine/discovery/AbstractAnnotatedDescriptorWrapper.java:28-65; data/code/junit-jupiter-engine/src/main/java/org/junit/jupiter/engine/discovery/DefaultClassDescriptor.java:23-39; data/code/junit-jupiter-engine/src/main/java/org/junit/jupiter/engine/discovery/DefaultMethodDescriptor.java:25-41; data/code/junit-jupiter-engine/src/main/java/org/junit/jupiter/engine/descriptor/ClassBasedTestDescriptor.java:89-601; data/code/junit-jupiter-engine/src/main/java/org/junit/jupiter/engine/descriptor/MethodBasedTestDescriptor.java:56-217; data/code/junit-jupiter-engine/src/main/java/org/junit/jupiter/engine/discovery/ClassOrderingVisitor.java:38-165 | G8: User ClassOrderer/MethodOrderer code expects the public ClassDescriptor/MethodDescriptor API; the wrappers expose internal descriptors through it so internal classes never leak to user code.
A9: Original code | B9: Template Method | C9: Behavioral | D9: B1 Hierarchical Engine Execution Skeleton | E9: AbstractClass=org.junit.platform.engine.support.hierarchical.HierarchicalTestEngine; TemplateMethod=org.junit.platform.engine.support.hierarchical.HierarchicalTestEngine#execute; PrimitiveOperation=org.junit.platform.engine.support.hierarchical.HierarchicalTestEngine#createExecutionContext; ConcreteClass=org.junit.jupiter.engine.JupiterTestEngine | F9: data/code/junit-platform-engine/src/main/java/org/junit/platform/engine/support/hierarchical/HierarchicalTestEngine.java:31-119; data/code/junit-platform-engine/src/main/java/org/junit/platform/engine/support/hierarchical/HierarchicalTestEngine.java:53-63; data/code/junit-platform-engine/src/main/java/org/junit/platform/engine/support/hierarchical/HierarchicalTestEngine.java:117-117; data/code/junit-jupiter-engine/src/main/java/org/junit/jupiter/engine/JupiterTestEngine.java:44-108 | G9: final HierarchicalTestEngine.execute fixes the run order (executor service, context, collector factory, HierarchicalTestExecutor); JupiterTestEngine only supplies the steps. Overlaps B2.
A10: Original code | B10: Factory Method | C10: Creational | D10: B2 Engine Collaborator Factory Methods | E10: Creator (factory method)=org.junit.platform.engine.support.hierarchical.HierarchicalTestEngine#createExecutorService; ConcreteCreator=org.junit.jupiter.engine.JupiterTestEngine#createExecutorService; ConcreteCreator=org.junit.jupiter.engine.JupiterTestEngine#createExecutionContext; ConcreteCreator=org.junit.jupiter.engine.JupiterTestEngine#createThrowableCollectorFactory; ConcreteProduct=org.junit.jupiter.engine.execution.JupiterEngineExecutionContext | F10: data/code/junit-platform-engine/src/main/java/org/junit/platform/engine/support/hierarchical/HierarchicalTestEngine.java:83-85; data/code/junit-jupiter-engine/src/main/java/org/junit/jupiter/engine/JupiterTestEngine.java:80-87; data/code/junit-jupiter-engine/src/main/java/org/junit/jupiter/engine/JupiterTestEngine.java:90-93; data/code/junit-jupiter-engine/src/main/java/org/junit/jupiter/engine/JupiterTestEngine.java:99-101; data/code/junit-jupiter-engine/src/main/java/org/junit/jupiter/engine/execution/JupiterEngineExecutionContext.java:30-209 | G10: The template in B1 asks overridable create* methods which objects to use; JupiterTestEngine overrides them to choose a parallel/same-thread executor, its JupiterEngineExecutionContext and its throwable-collector factory. Overlaps B1.
A11: Original code | B11: Strategy | C11: Behavioral | D11: B3 Test Executor Services | E11: Strategy=org.junit.platform.engine.support.hierarchical.HierarchicalTestExecutorService; ConcreteStrategy=org.junit.platform.engine.support.hierarchical.SameThreadHierarchicalTestExecutorService; ConcreteStrategy=org.junit.platform.engine.support.hierarchical.ForkJoinPoolHierarchicalTestExecutorService; ConcreteStrategy=org.junit.platform.engine.support.hierarchical.WorkerThreadPoolHierarchicalTestExecutorService; Context=org.junit.platform.engine.support.hierarchical.HierarchicalTestExecutor; Context=org.junit.platform.engine.support.hierarchical.NodeTestTask#executeRecursively | F11: data/code/junit-platform-engine/src/main/java/org/junit/platform/engine/support/hierarchical/HierarchicalTestExecutorService.java:34-118; data/code/junit-platform-engine/src/main/java/org/junit/platform/engine/support/hierarchical/SameThreadHierarchicalTestExecutorService.java:29-50; data/code/junit-platform-engine/src/main/java/org/junit/platform/engine/support/hierarchical/ForkJoinPoolHierarchicalTestExecutorService.java:51-331; data/code/junit-platform-engine/src/main/java/org/junit/platform/engine/support/hierarchical/WorkerThreadPoolHierarchicalTestExecutorService.java:70-901; data/code/junit-platform-engine/src/main/java/org/junit/platform/engine/support/hierarchical/HierarchicalTestExecutor.java:36-71; data/code/junit-platform-engine/src/main/java/org/junit/platform/engine/support/hierarchical/NodeTestTask.java:157-189 | G11: Sequential vs parallel scheduling is swappable behind HierarchicalTestExecutorService; NodeTestTask and HierarchicalTestExecutor only call submit/invokeAll.
A12: Original code | B12: Strategy | C12: Behavioral | D12: B4 Parallelism Configuration Strategy | E12: Strategy=org.junit.platform.engine.support.hierarchical.ParallelExecutionConfigurationStrategy; ConcreteStrategy (enum FIXED/DYNAMIC/CUSTOM)=org.junit.platform.engine.support.hierarchical.DefaultParallelExecutionConfigurationStrategy; Selection=org.junit.platform.engine.support.hierarchical.DefaultParallelExecutionConfigurationStrategy#getStrategy; Context=org.junit.platform.engine.support.hierarchical.ParallelHierarchicalTestExecutorServiceFactory | F12: data/code/junit-platform-engine/src/main/java/org/junit/platform/engine/support/hierarchical/ParallelExecutionConfigurationStrategy.java:25-33; data/code/junit-platform-engine/src/main/java/org/junit/platform/engine/support/hierarchical/DefaultParallelExecutionConfigurationStrategy.java:33-228; data/code/junit-platform-engine/src/main/java/org/junit/platform/engine/support/hierarchical/DefaultParallelExecutionConfigurationStrategy.java:223-226; data/code/junit-platform-engine/src/main/java/org/junit/platform/engine/support/hierarchical/ParallelHierarchicalTestExecutorServiceFactory.java:33-123 | G12: How parallelism is computed (FIXED, DYNAMIC from CPU count, CUSTOM user class) is chosen by configuration; each enum constant implements createConfiguration.
... A36: Original code | B36: Command | C36: Behavioral | D36: D11 Packaged Reflective Calls | E36: Command=org.junit.jupiter.api.extension.InvocationInterceptor.Invocation; ConcreteCommand=org.junit.jupiter.engine.execution.MethodInvocation; ConcreteCommand=org.junit.jupiter.engine.execution.ConstructorInvocation; Client=org.junit.jupiter.engine.execution.InterceptingExecutableInvoker | F36: data/code/junit-jupiter-api/src/main/java/org/junit/jupiter/api/extension/InvocationInterceptor.java:231-251; data/code/junit-jupiter-engine/src/main/java/org/junit/jupiter/engine/execution/MethodInvocation.java:25-64; data/code/junit-jupiter-engine/src/main/java/org/junit/jupiter/engine/execution/ConstructorInvocation.java:25-60; data/code/junit-jupiter-engine/src/main/java/org/junit/jupiter/engine/execution/InterceptingExecutableInvoker.java:40-137 | G36: A resolved reflective call (method or constructor + target + arguments) is packaged as an Invocation object so interceptors can run it later, on another thread, or skip it.
A38: Source: Part 1 instances at the baseline (generated by data/build_part1_csv.py)

Sheet pattern_counts
A1: source_version | B1: summary | C1: pattern_name | D1: count
A2: Original code | B2: per_pattern | C2: Adapter | D2: 5
A3: Original code | B3: per_pattern | C3: Chain of Responsibility | D3: 1
A4: Original code | B4: per_pattern | C4: Command | D4: 2
A5: Original code | B5: per_pattern | C5: Composite | D5: 2
A6: Original code | B6: per_pattern | C6: Decorator | D6: 4
A7: Original code | B7: per_pattern | C7: Factory Method | D7: 1
A8: Original code | B8: per_pattern | C8: Null Object | D8: 2
A9: Original code | B9: per_pattern | C9: Observer | D9: 5
A10: Original code | B10: per_pattern | C10: Strategy | D10: 10
A11: Original code | B11: per_pattern | C11: Template Method | D11: 3
A12: Original code | B12: total_pattern_types | D12: 10
A13: Original code | B13: total_pattern_instances | D13: 35
A14: Code after Change3 | B14: per_pattern | C14: Adapter | D14: 5
A15: Code after Change3 | B15: per_pattern | C15: Chain of Responsibility | D15: 1
A16: Code after Change3 | B16: per_pattern | C16: Command | D16: 2
A17: Code after Change3 | B17: per_pattern | C17: Composite | D17: 2
A18: Code after Change3 | B18: per_pattern | C18: Decorator | D18: 4
A19: Code after Change3 | B19: per_pattern | C19: Factory Method | D19: 1
A20: Code after Change3 | B20: per_pattern | C20: Null Object | D20: 2
A21: Code after Change3 | B21: per_pattern | C21: Observer | D21: 5
A22: Code after Change3 | B22: per_pattern | C22: Strategy | D22: 10
A23: Code after Change3 | B23: per_pattern | C23: Template Method | D23: 3
A24: Code after Change3 | B24: total_pattern_types | D24: 10
A25: Code after Change3 | B25: total_pattern_instances | D25: 35
A26: Code after Change1 | B26: per_pattern | C26: Adapter | D26: 5
A27: Code after Change1 | B27: per_pattern | C27: Chain of Responsibility | D27: 1
A28: Code after Change1 | B28: per_pattern | C28: Command | D28: 2
A29: Code after Change1 | B29: per_pattern | C29: Composite | D29: 2
A30: Code after Change1 | B30: per_pattern | C30: Decorator | D30: 4
A31: Code after Change1 | B31: per_pattern | C31: Factory Method | D31: 1
A32: Code after Change1 | B32: per_pattern | C32: Null Object | D32: 2
A33: Code after Change1 | B33: per_pattern | C33: Observer | D33: 5
A34: Code after Change1 | B34: per_pattern | C34: Strategy | D34: 10
A35: Code after Change1 | B35: per_pattern | C35: Template Method | D35: 3
A36: Code after Change1 | B36: total_pattern_types | D36: 10
A37: Code after Change1 | B37: total_pattern_instances | D37: 35
A38: Code after Change2 | B38: per_pattern | C38: Adapter | D38: 6
A39: Code after Change2 | B39: per_pattern | C39: Chain of Responsibility | D39: 1
A40: Code after Change2 | B40: per_pattern | C40: Command | D40: 2
A41: Code after Change2 | B41: per_pattern | C41: Composite | D41: 2
A42: Code after Change2 | B42: per_pattern | C42: Decorator | D42: 4
A43: Code after Change2 | B43: per_pattern | C43: Factory Method | D43: 1
A44: Code after Change2 | B44: per_pattern | C44: Null Object | D44: 2
A45: Code after Change2 | B45: per_pattern | C45: Observer | D45: 5
A46: Code after Change2 | B46: per_pattern | C46: Strategy | D46: 11
A47: Code after Change2 | B47: per_pattern | C47: Template Method | D47: 3
A48: Code after Change2 | B48: total_pattern_types | D48: 10
A49: Code after Change2 | B49: total_pattern_instances | D49: 37
A51: Source: Counts per source version (data/build_part2_csv.py)

Sheet patterns_evolution
A1: source_version | B1: pattern_name | C1: pattern_type | D1: instance_name | E1: participant_roles | F1: source_locations | G1: intent_and_evidence | H1: status_after_change | I1: change_description
A2: Original code | B2: Composite | C2: Structural | D2: A1 Test Descriptor Tree | E2: Component=org.junit.platform.engine.TestDescriptor; Composite (base)=org.junit.platform.engine.support.descriptor.AbstractTestDescriptor; Composite=org.junit.platform.engine.support.descriptor.EngineDescriptor; Composite=org.junit.jupiter.engine.descriptor.JupiterEngineDescriptor; Composite=org.junit.jupiter.engine.descriptor.ClassTestDescriptor; Composite=org.junit.jupiter.engine.descriptor.NestedClassTestDescriptor; Composite=org.junit.jupiter.engine.descriptor.ClassTemplateTestDescriptor; Composite=org.junit.jupiter.engine.descriptor.ClassTemplateInvocationTestDescriptor; Composite=org.junit.jupiter.engine.descriptor.TestTemplateTestDescriptor; Composite=org.junit.jupiter.engine.descriptor.TestFactoryTestDescriptor; Composite=org.junit.jupiter.engine.descriptor.DynamicContainerTestDescriptor; Leaf=org.junit.jupiter.engine.descriptor.TestMethodTestDescriptor; Leaf=org.junit.jupiter.engine.descriptor.TestTemplateInvocationTestDescriptor; Leaf=org.junit.jupiter.engine.descriptor.DynamicTestTestDescriptor; Client=org.junit.platform.launcher.core.EngineDiscoveryOrchestrator#applyPostDiscoveryFilters; Client=org.junit.platform.engine.support.hierarchical.NodeTestTask#executeRecursively | F2: data/code/junit-platform-engine/src/main/java/org/junit/platform/engine/TestDescriptor.java:37-427; data/code/junit-platform-engine/src/main/java/org/junit/platform/engine/support/descriptor/AbstractTestDescriptor.java:42-248; data/code/junit-platform-engine/src/main/java/org/junit/platform/engine/support/descriptor/EngineDescriptor.java:25-53; data/code/junit-jupiter-engine/src/main/java/org/junit/jupiter/engine/descriptor/JupiterEngineDescriptor.java:30-70; data/code/junit-jupiter-engine/src/main/java/org/junit/jupiter/engine/descriptor/ClassTestDescriptor.java:47-106; data/code/junit-jupiter-engine/src/main/java/org/junit/jupiter/engine/descriptor/NestedClassTestDescriptor.java:49-121; data/code/junit-jupiter-engine/src/main/java/org/junit/jupiter/engine/descriptor/ClassTemplateTestDescriptor.java:51-277; data/code/junit-jupiter-engine/src/main/java/org/junit/jupiter/engine/descriptor/ClassTemplateInvocationTestDescriptor.java:48-202; data/code/junit-jupiter-engine/src/main/java/org/junit/jupiter/engine/descriptor/TestTemplateTestDescriptor.java:41-167; data/code/junit-jupiter-engine/src/main/java/org/junit/jupiter/engine/descriptor/TestFactoryTestDescriptor.java:56-223; data/code/junit-jupiter-engine/src/main/java/org/junit/jupiter/engine/descriptor/DynamicContainerTestDescriptor.java:34-88; data/code/junit-jupiter-engine/src/main/java/org/junit/jupiter/engine/descriptor/TestMethodTestDescriptor.java:71-293; data/code/junit-jupiter-engine/src/main/java/org/junit/jupiter/engine/descriptor/TestTemplateInvocationTestDescriptor.java:42-104; data/code/junit-jupiter-engine/src/main/java/org/junit/jupiter/engine/descriptor/DynamicTestTestDescriptor.java:37-100; data/code/junit-platform-launcher/src/main/java/org/junit/platform/launcher/core/EngineDiscoveryOrchestrator.java:225-238; data/code/junit-platform-engine/src/main/java/org/junit/platform/engine/support/hierarchical/NodeTestTask.java:157-189 | G2: Engines build one tree of TestDescriptor nodes (engine > class > nested class > method > dynamic test); the launcher filters, prunes, visits and executes it without knowing node kinds. Evidence: TestDescriptor.accept visits itself then calls child.accept(visitor); AbstractTestDescriptor holds the children set and findByUniqueId recurses; NodeTestTask creates one child task per child. Transparent variant: leaf vs container is decided by getType(). | H2: baseline | I2: Instance as found in the original code (Part 1).
A3: Original code | B3: Composite | C3: Structural | D3: A2 Composed Discovery Filter | E3: Component=org.junit.platform.engine.Filter; Composite=org.junit.platform.engine.CompositeFilter; Leaf=org.junit.platform.launcher.IncludeMethodFilter; Leaf=org.junit.platform.launcher.ExcludeMethodFilter; Leaf (lambda factory)=org.junit.platform.launcher.TagFilter; Client=org.junit.platform.launcher.core.EngineDiscoveryOrchestrator#applyPostDiscoveryFilters | F3: data/code/junit-platform-engine/src/main/java/org/junit/platform/engine/Filter.java:41-119; data/code/junit-platform-engine/src/main/java/org/junit/platform/engine/CompositeFilter.java:29-89; data/code/junit-platform-launcher/src/main/java/org/junit/platform/launcher/IncludeMethodFilter.java:31-58; data/code/junit-platform-launcher/src/main/java/org/junit/platform/launcher/ExcludeMethodFilter.java:31-58; data/code/junit-platform-launcher/src/main/java/org/junit/platform/launcher/TagFilter.java:48-184; data/code/junit-platform-launcher/src/main/java/org/junit/platform/launcher/core/EngineDiscoveryOrchestrator.java:225-238 | G3: All post-discovery filters are merged into one Filter by Filter.composeFilters; CompositeFilter implements Filter, holds a list of Filters and combines their FilterResults into one answer (first exclusion wins). Overlaps A3 (same leaf classes seen as strategies). | H3: baseline | I3: Instance as found in the original code (Part 1).
A4: Original code | B4: Strategy | C4: Behavioral | D4: A3 Post-Discovery Filter Policies | E4: Strategy=org.junit.platform.launcher.PostDiscoveryFilter; ConcreteStrategy=org.junit.platform.launcher.IncludeMethodFilter; ConcreteStrategy=org.junit.platform.launcher.ExcludeMethodFilter; ConcreteStrategy (lambdas)=org.junit.platform.launcher.TagFilter; Context=org.junit.platform.launcher.core.EngineDiscoveryOrchestrator#applyPostDiscoveryFilters | F4: data/code/junit-platform-launcher/src/main/java/org/junit/platform/launcher/PostDiscoveryFilter.java:35-36; data/code/junit-platform-launcher/src/main/java/org/junit/platform/launcher/IncludeMethodFilter.java:31-58; data/code/junit-platform-launcher/src/main/java/org/junit/platform/launcher/ExcludeMethodFilter.java:31-58; data/code/junit-platform-launcher/src/main/java/org/junit/platform/launcher/TagFilter.java:48-184; data/code/junit-platform-launcher/src/main/java/org/junit/platform/launcher/core/EngineDiscoveryOrchestrator.java:225-238 | G4: Selection rules (tag expressions, method-name patterns, custom filters) are interchangeable algorithms behind PostDiscoveryFilter; EngineDiscoveryOrchestrator only calls apply(). Overlaps A2. | H4: baseline | I4: Instance as found in the original code (Part 1).
A5: Original code | B5: Template Method | C5: Behavioral | D5: A4 Jupiter Descriptor Skeletons | E5: AbstractClass=org.junit.jupiter.engine.descriptor.JupiterTestDescriptor; TemplateMethod=org.junit.jupiter.engine.descriptor.JupiterTestDescriptor#getExecutionMode; TemplateMethod=org.junit.jupiter.engine.descriptor.JupiterTestDescriptor#getLegacyReportingName; TemplateMethod=org.junit.jupiter.engine.descriptor.JupiterTestDescriptor#copyIncludingDescendants; PrimitiveOperation=org.junit.jupiter.engine.descriptor.JupiterTestDescriptor#withUniqueId; ConcreteClass (hook)=org.junit.jupiter.engine.descriptor.ClassBasedTestDescriptor#getExplicitExecutionMode; ConcreteClass (hook)=org.junit.jupiter.engine.descriptor.MethodBasedTestDescriptor#getExplicitExecutionMode; ConcreteClass (primitive)=org.junit.jupiter.engine.descriptor.ClassTestDescriptor#withUniqueId | F5: data/code/junit-jupiter-engine/src/main/java/org/junit/jupiter/engine/descriptor/JupiterTestDescriptor.java:64-283; data/code/junit-jupiter-engine/src/main/java/org/junit/jupiter/engine/descriptor/JupiterTestDescriptor.java:163-167; data/code/junit-jupiter-engine/src/main/java/org/junit/jupiter/engine/descriptor/JupiterTestDescriptor.java:85-88; data/code/junit-jupiter-engine/src/main/java/org/junit/jupiter/engine/descriptor/JupiterTestDescriptor.java:256-263; data/code/junit-jupiter-engine/src/main/java/org/junit/jupiter/engine/descriptor/JupiterTestDescriptor.java:268-268; data/code/junit-jupiter-engine/src/main/java/org/junit/jupiter/engine/descriptor/ClassBasedTestDescriptor.java:167-169; data/code/junit-jupiter-engine/src/main/java/org/junit/jupiter/engine/descriptor/MethodBasedTestDescriptor.java:147-149; data/code/junit-jupiter-engine/src/main/java/org/junit/jupiter/engine/descriptor/ClassTestDescriptor.java:63-66 | G5: JupiterTestDescriptor fixes algorithms in final methods (getExecutionMode, getLegacyReportingName) and in copyIncludingDescendants, which calls the abstract primitive withUniqueId; subclasses override the hooks (getExplicitExecutionMode, getLegacyReportingBaseName, withUniqueId). | H5: baseline | I5: Instance as found in the original code (Part 1).
A6: Original code | B6: Template Method | C6: Behavioral | D6: A5 Child Ordering Skeleton | E6: AbstractClass=org.junit.jupiter.engine.discovery.AbstractOrderingVisitor; TemplateMethod=org.junit.jupiter.engine.discovery.AbstractOrderingVisitor#orderChildrenTestDescriptors; PrimitiveOperation=org.junit.jupiter.engine.discovery.AbstractOrderingVisitor#shouldNonMatchingDescriptorsComeBeforeOrderedOnes; ConcreteClass=org.junit.jupiter.engine.discovery.ClassOrderingVisitor; ConcreteClass=org.junit.jupiter.engine.discovery.MethodOrderingVisitor | F6: data/code/junit-jupiter-engine/src/main/java/org/junit/jupiter/engine/discovery/AbstractOrderingVisitor.java:39-222; data/code/junit-jupiter-engine/src/main/java/org/junit/jupiter/engine/discovery/AbstractOrderingVisitor.java:72-119; data/code/junit-jupiter-engine/src/main/java/org/junit/jupiter/engine/discovery/AbstractOrderingVisitor.java:126-126; data/code/junit-jupiter-engine/src/main/java/org/junit/jupiter/engine/discovery/ClassOrderingVisitor.java:38-165; data/code/junit-jupiter-engine/src/main/java/org/junit/jupiter/engine/discovery/MethodOrderingVisitor.java:41-174 | G6: AbstractOrderingVisitor.orderChildrenTestDescriptors runs a fixed ordering algorithm (select, wrap, sort, unwrap, merge) and asks the abstract hook shouldNonMatchingDescriptorsComeBeforeOrderedOnes, which ClassOrderingVisitor and MethodOrderingVisitor answer differently. | H6: baseline | I6: Instance as found in the original code (Part 1).
A7: Original code | B7: Observer | C7: Behavioral | D7: A6 Discovery Event Notification | E7: Observer=org.junit.platform.launcher.LauncherDiscoveryListener; Observer (base)=org.junit.platform.engine.EngineDiscoveryListener; ConcreteObserver=org.junit.platform.launcher.core.DiscoveryIssueCollector; ConcreteObserver=org.junit.platform.launcher.core.DiscoveryIssueReportingDiscoveryListener; Subject (attach)=org.junit.platform.launcher.core.DefaultLauncher#registerLauncherDiscoveryListeners; Subject (notify)=org.junit.platform.launcher.core.EngineDiscoveryOrchestrator#discoverEngineRoot; Subject (notify, in engine)=org.junit.platform.engine.support.discovery.EngineDiscoveryRequestResolution; Multicaster=org.junit.platform.launcher.listeners.discovery.CompositeLauncherDiscoveryListener | F7: data/code/junit-platform-launcher/src/main/java/org/junit/platform/launcher/LauncherDiscoveryListener.java:42-91; data/code/junit-platform-engine/src/main/java/org/junit/platform/engine/EngineDiscoveryListener.java:31-67; data/code/junit-platform-launcher/src/main/java/org/junit/platform/launcher/core/DiscoveryIssueCollector.java:25-65; data/code/junit-platform-launcher/src/main/java/org/junit/platform/launcher/core/DiscoveryIssueReportingDiscoveryListener.java:49-131; data/code/junit-platform-launcher/src/main/java/org/junit/platform/launcher/core/DefaultLauncher.java:73-77; data/code/junit-platform-launcher/src/main/java/org/junit/platform/launcher/core/EngineDiscoveryOrchestrator.java:189-214; data/code/junit-platform-engine/src/main/java/org/junit/platform/engine/support/discovery/EngineDiscoveryRequestResolution.java:60-263; data/code/junit-platform-launcher/src/main/java/org/junit/platform/launcher/listeners/discovery/CompositeLauncherDiscoveryListener.java:29-67 | G7: Discovery progress (launcher/engine discovery started and finished, selector processed, issues) is pushed to registered LauncherDiscoveryListeners that the orchestrator only knows by interface. | H7: baseline | I7: Instance as found in the original code (Part 1).
A8: Original code | B8: Adapter | C8: Structural | D8: A7 Orderer Descriptor Wrappers | E8: Target=org.junit.jupiter.api.ClassDescriptor; Target=org.junit.jupiter.api.MethodDescriptor; Adapter (base)=org.junit.jupiter.engine.discovery.AbstractAnnotatedDescriptorWrapper; Adapter=org.junit.jupiter.engine.discovery.DefaultClassDescriptor; Adapter=org.junit.jupiter.engine.discovery.DefaultMethodDescriptor; Adaptee=org.junit.jupiter.engine.descriptor.ClassBasedTestDescriptor; Adaptee=org.junit.jupiter.engine.descriptor.MethodBasedTestDescriptor; Client=org.junit.jupiter.engine.discovery.ClassOrderingVisitor | F8: data/code/junit-jupiter-api/src/main/java/org/junit/jupiter/api/ClassDescriptor.java:28-87; data/code/junit-jupiter-api/src/main/java/org/junit/jupiter/api/MethodDescriptor.java:29-90; data/code/junit-jupiter-engine/src/main/java/org/junit/jupiter/engine/discovery/AbstractAnnotatedDescriptorWrapper.java:28-65; data/code/junit-jupiter-engine/src/main/java/org/junit/jupiter/engine/discovery/DefaultClassDescriptor.java:23-39; data/code/junit-jupiter-engine/src/main/java/org/junit/jupiter/engine/discovery/DefaultMethodDescriptor.java:25-41; data/code/junit-jupiter-engine/src/main/java/org/junit/jupiter/engine/descriptor/ClassBasedTestDescriptor.java:89-601; data/code/junit-jupiter-engine/src/main/java/org/junit/jupiter/engine/descriptor/MethodBasedTestDescriptor.java:56-217; data/code/junit-jupiter-engine/src/main/java/org/junit/jupiter/engine/discovery/ClassOrderingVisitor.java:38-165 | G8: User ClassOrderer/MethodOrderer code expects the public ClassDescriptor/MethodDescriptor API; the wrappers expose internal descriptors through it so internal classes never leak to user code. | H8: baseline | I8: Instance as found in the original code (Part 1).
A9: Original code | B9: Template Method | C9: Behavioral | D9: B1 Hierarchical Engine Execution Skeleton | E9: AbstractClass=org.junit.platform.engine.support.hierarchical.HierarchicalTestEngine; TemplateMethod=org.junit.platform.engine.support.hierarchical.HierarchicalTestEngine#execute; PrimitiveOperation=org.junit.platform.engine.support.hierarchical.HierarchicalTestEngine#createExecutionContext; ConcreteClass=org.junit.jupiter.engine.JupiterTestEngine | F9: data/code/junit-platform-engine/src/main/java/org/junit/platform/engine/support/hierarchical/HierarchicalTestEngine.java:31-119; data/code/junit-platform-engine/src/main/java/org/junit/platform/engine/support/hierarchical/HierarchicalTestEngine.java:53-63; data/code/junit-platform-engine/src/main/java/org/junit/platform/engine/support/hierarchical/HierarchicalTestEngine.java:117-117; data/code/junit-jupiter-engine/src/main/java/org/junit/jupiter/engine/JupiterTestEngine.java:44-108 | G9: final HierarchicalTestEngine.execute fixes the run order (executor service, context, collector factory, HierarchicalTestExecutor); JupiterTestEngine only supplies the steps. Overlaps B2. | H9: baseline | I9: Instance as found in the original code (Part 1).
A10: Original code | B10: Factory Method | C10: Creational | D10: B2 Engine Collaborator Factory Methods | E10: Creator (factory method)=org.junit.platform.engine.support.hierarchical.HierarchicalTestEngine#createExecutorService; ConcreteCreator=org.junit.jupiter.engine.JupiterTestEngine#createExecutorService; ConcreteCreator=org.junit.jupiter.engine.JupiterTestEngine#createExecutionContext; ConcreteCreator=org.junit.jupiter.engine.JupiterTestEngine#createThrowableCollectorFactory; ConcreteProduct=org.junit.jupiter.engine.execution.JupiterEngineExecutionContext | F10: data/code/junit-platform-engine/src/main/java/org/junit/platform/engine/support/hierarchical/HierarchicalTestEngine.java:83-85; data/code/junit-jupiter-engine/src/main/java/org/junit/jupiter/engine/JupiterTestEngine.java:80-87; data/code/junit-jupiter-engine/src/main/java/org/junit/jupiter/engine/JupiterTestEngine.java:90-93; data/code/junit-jupiter-engine/src/main/java/org/junit/jupiter/engine/JupiterTestEngine.java:99-101; data/code/junit-jupiter-engine/src/main/java/org/junit/jupiter/engine/execution/JupiterEngineExecutionContext.java:30-209 | G10: The template in B1 asks overridable create* methods which objects to use; JupiterTestEngine overrides them to choose a parallel/same-thread executor, its JupiterEngineExecutionContext and its throwable-collector factory. Overlaps B1. | H10: baseline | I10: Instance as found in the original code (Part 1).
A11: Original code | B11: Strategy | C11: Behavioral | D11: B3 Test Executor Services | E11: Strategy=org.junit.platform.engine.support.hierarchical.HierarchicalTestExecutorService; ConcreteStrategy=org.junit.platform.engine.support.hierarchical.SameThreadHierarchicalTestExecutorService; ConcreteStrategy=org.junit.platform.engine.support.hierarchical.ForkJoinPoolHierarchicalTestExecutorService; ConcreteStrategy=org.junit.platform.engine.support.hierarchical.WorkerThreadPoolHierarchicalTestExecutorService; Context=org.junit.platform.engine.support.hierarchical.HierarchicalTestExecutor; Context=org.junit.platform.engine.support.hierarchical.NodeTestTask#executeRecursively | F11: data/code/junit-platform-engine/src/main/java/org/junit/platform/engine/support/hierarchical/HierarchicalTestExecutorService.java:34-118; data/code/junit-platform-engine/src/main/java/org/junit/platform/engine/support/hierarchical/SameThreadHierarchicalTestExecutorService.java:29-50; data/code/junit-platform-engine/src/main/java/org/junit/platform/engine/support/hierarchical/ForkJoinPoolHierarchicalTestExecutorService.java:51-331; data/code/junit-platform-engine/src/main/java/org/junit/platform/engine/support/hierarchical/WorkerThreadPoolHierarchicalTestExecutorService.java:70-901; data/code/junit-platform-engine/src/main/java/org/junit/platform/engine/support/hierarchical/HierarchicalTestExecutor.java:36-71; data/code/junit-platform-engine/src/main/java/org/junit/platform/engine/support/hierarchical/NodeTestTask.java:157-189 | G11: Sequential vs parallel scheduling is swappable behind HierarchicalTestExecutorService; NodeTestTask and HierarchicalTestExecutor only call submit/invokeAll. | H11: baseline | I11: Instance as found in the original code (Part 1).
A12: Original code | B12: Strategy | C12: Behavioral | D12: B4 Parallelism Configuration Strategy | E12: Strategy=org.junit.platform.engine.support.hierarchical.ParallelExecutionConfigurationStrategy; ConcreteStrategy (enum FIXED/DYNAMIC/CUSTOM)=org.junit.platform.engine.support.hierarchical.DefaultParallelExecutionConfigurationStrategy; Selection=org.junit.platform.engine.support.hierarchical.DefaultParallelExecutionConfigurationStrategy#getStrategy; Context=org.junit.platform.engine.support.hierarchical.ParallelHierarchicalTestExecutorServiceFactory | F12: data/code/junit-platform-engine/src/main/java/org/junit/platform/engine/support/hierarchical/ParallelExecutionConfigurationStrategy.java:25-33; data/code/junit-platform-engine/src/main/java/org/junit/platform/engine/support/hierarchical/DefaultParallelExecutionConfigurationStrategy.java:33-228; data/code/junit-platform-engine/src/main/java/org/junit/platform/engine/support/hierarchical/DefaultParallelExecutionConfigurationStrategy.java:223-226; data/code/junit-platform-engine/src/main/java/org/junit/platform/engine/support/hierarchical/ParallelHierarchicalTestExecutorServiceFactory.java:33-123 | G12: How parallelism is computed (FIXED, DYNAMIC from CPU count, CUSTOM user class) is chosen by configuration; each enum constant implements createConfiguration. | H12: baseline | I12: Instance as found in the original code (Part 1).
... A143: Code after Change2 | B143: Adapter | C143: Structural | D143: N2 Managed Resource Holder | E143: Target=java.lang.AutoCloseable; Target=org.junit.jupiter.api.extension.ExtensionContext.Store.CloseableResource; Adapter=org.junit.jupiter.api.extension.support.ManagedResourceExtension.Holder; Adaptee=org.junit.jupiter.api.extension.support.ResourceFactory#destroy; Client=org.junit.jupiter.engine.descriptor.AbstractExtensionContext#createCloseAction | F143: java.lang.AutoCloseable (JDK); Part2/code/junit-jupiter-api/src/main/java/org/junit/jupiter/api/extension/ExtensionContext.java:544-553; Part2/code/junit-jupiter-api/src/main/java/org/junit/jupiter/api/extension/support/ManagedResourceExtension.java:71-94; Part2/code/junit-jupiter-api/src/main/java/org/junit/jupiter/api/extension/support/ResourceFactory.java:47-51; Part2/code/junit-jupiter-engine/src/main/java/org/junit/jupiter/engine/descriptor/AbstractExtensionContext.java:103-123 | G143: The store's close action only knows AutoCloseable.close() / Store.CloseableResource.close(); ResourceFactory offers destroy(T resource). Holder binds the resource to its factory and exposes close() that calls factory.destroy(resource), so any factory's cleanup runs through JUnit's existing close mechanism (both close paths, so it also works with auto-close disabled). | H143: newly_introduced | I143: Introduced by CH02.
A145: Source: One row per instance per version (data/build_part2_csv.py)

Sheet cross_language
A1: pattern_name | B1: instance_name | C1: language | D1: snippet_path | E1: source_loc | F1: max_function_cc | G1: runtime_compiler | H1: test_command | I1: test_result | J1: median_process_ms | K1: language_notes
A2: Observer | B2: C1 Test Execution Listeners | C2: Java | D2: Part3/observer-test-listeners/java/src/observer/BrokenListener.java; Part3/observer-test-listeners/java/src/observer/CompositeTestExecutionListener.java; Part3/observer-test-listeners/java/src/observer/EventFormatException.java; Part3/observer-test-listeners/java/src/observer/EventRunner.java; Part3/observer-test-listeners/java/src/observer/LoggingListener.java; Part3/observer-test-listeners/java/src/observer/ObserverDemo.java; Part3/observer-test-listeners/java/src/observer/Status.java; Part3/observer-test-listeners/java/src/observer/SummaryListener.java; Part3/observer-test-listeners/java/src/observer/TestExecutionListener.java | E2: 211 | F2: 7 | G2: openjdk version "25.0.4.1" 2026-08-18 LTS | H2: (cd Part3/observer-test-listeners/java) javac -d out src/observer/*.java test/observer/*.java && java -cp out observer.ObserverTest | I2: 3/3 passed (Part3/evidence/test_results/Observer_Java.txt) | J2: 36 | K2: Static typing: observer is an interface with default no-op methods, checked by the compiler; notifyEach takes a Consumer lambda; catches RuntimeException; listener name via reflection; garbage collected.
A3: Observer | B3: C1 Test Execution Listeners | C3: Python | D3: Part3/observer-test-listeners/python/listeners.py; Part3/observer-test-listeners/python/runner.py; Part3/observer-test-listeners/python/main.py | E3: 125 | F3: 8 | G3: Python 3.14.2 | H3: (cd Part3/observer-test-listeners/python) python3 -m unittest -v test_observer | I3: 3/3 passed (Part3/evidence/test_results/Observer_Python.txt) | J3: 21.8 | K3: Duck typing: base class only supplies no-op methods, no ABC (callbacks are optional); a class not inheriting from it still works; misspelt callbacks only fail at run time; catches Exception; garbage collected.
A4: Observer | B4: C1 Test Execution Listeners | C4: JavaScript | D4: Part3/observer-test-listeners/javascript/src/app.js; Part3/observer-test-listeners/javascript/src/listeners.js; Part3/observer-test-listeners/javascript/src/main.js; Part3/observer-test-listeners/javascript/src/runner.js | E4: 151 | F4: 8 | G4: Node.js v26.11.1 | H4: (cd Part3/observer-test-listeners/javascript) node --test test/observer.test.js | I4: 3/3 passed (Part3/evidence/test_results/Observer_JavaScript.txt) | J4: 93.2 | K4: Classes without interfaces: nothing enforces the contract, a plain object with one method is accepted; #private fields; catch receives any thrown value; listener name via constructor.name; synchronous to keep output order; garbage collected.
A5: Observer | B5: C1 Test Execution Listeners | C5: C++ | D5: Part3/observer-test-listeners/cpp/listeners.hpp; Part3/observer-test-listeners/cpp/listeners.cpp; Part3/observer-test-listeners/cpp/runner.hpp; Part3/observer-test-listeners/cpp/runner.cpp; Part3/observer-test-listeners/cpp/main.cpp | E5: 236 | F5: 10 | G5: Apple clang version 21.0.0 (clang-2100.3.34.2), -std=c++20 (no -O flag, as in the README) | H5: (cd Part3/observer-test-listeners/cpp) clang++ -std=c++20 -Wall -Wextra -pedantic -o observer main.cpp listeners.cpp runner.cpp && clang++ -std=c++20 -Wall -Wextra -pedantic -o observer_test test_main.cpp listeners.cpp runner.cpp && ./observer_test | I5: 3/3 passed (Part3/evidence/test_results/Observer_Cpp.txt) | J5: 5.1 | K5: Abstract base class with virtual no-op callbacks and override checking; name() is pure virtual (no portable runtime class name); ownership explicit: shared_ptr in the composite, runner borrows by reference; catches std::exception; std::function for notifyEach.
A6: Composite | B6: A1 Test Descriptor Tree | C6: Java | D6: Part3/composite-test-tree/java/src/composite/CompositeDemo.java; Part3/composite-test-tree/java/src/composite/TestCase.java; Part3/composite-test-tree/java/src/composite/TestContainer.java; Part3/composite-test-tree/java/src/composite/TestNode.java; Part3/composite-test-tree/java/src/composite/TreeFormatException.java; Part3/composite-test-tree/java/src/composite/TreeParser.java | E6: 228 | F6: 22 | G6: openjdk version "25.0.4.1" 2026-08-18 LTS | H6: (cd Part3/composite-test-tree/java) javac -d out src/composite/*.java test/composite/*.java && java -cp out composite.CompositeTest | I6: 3/3 passed (Part3/evidence/test_results/Composite_Java.txt) | J6: 34 | K6: Component is an interface; safe Composite (addChild only on TestContainer; JUnit uses the transparent form); leaf is an immutable record; parser uses pattern-matching instanceof; removed children are garbage collected.
A7: Composite | B7: A1 Test Descriptor Tree | C7: Python | D7: Part3/composite-test-tree/python/nodes.py; Part3/composite-test-tree/python/tree_parser.py; Part3/composite-test-tree/python/main.py | E7: 141 | F7: 22 | G7: Python 3.14.2 | H7: (cd Part3/composite-test-tree/python) python3 -m unittest -v test_composite | I7: 3/3 passed (Part3/evidence/test_results/Composite_Python.txt) | J7: 21.7 | K7: Component is an abc.ABC with @abstractmethod (missing methods caught when the object is created, at run time); duck-typed recursion with sum(...); safe Composite with isinstance check; lists rebuilt instead of edited while iterating; reference counting frees removed nodes at once.
A8: Composite | B8: A1 Test Descriptor Tree | C8: JavaScript | D8: Part3/composite-test-tree/javascript/src/app.js; Part3/composite-test-tree/javascript/src/main.js; Part3/composite-test-tree/javascript/src/nodes.js; Part3/composite-test-tree/javascript/src/tree-parser.js | E8: 135 | F8: 17 | G8: Node.js v26.11.1 | H8: (cd Part3/composite-test-tree/javascript) node --test test/composite.test.js | I8: 3/3 passed (Part3/evidence/test_results/Composite_JavaScript.txt) | J8: 92.2 | K8: No interfaces: base class blocks direct construction via new.target and throws in unimplemented methods (found only when called); duck typing underneath; #children private field rebuilt with filter; safe Composite with instanceof; garbage collected.
A9: Composite | B9: A1 Test Descriptor Tree | C9: C++ | D9: Part3/composite-test-tree/cpp/nodes.hpp; Part3/composite-test-tree/cpp/nodes.cpp; Part3/composite-test-tree/cpp/tree_parser.hpp; Part3/composite-test-tree/cpp/tree_parser.cpp; Part3/composite-test-tree/cpp/main.cpp | E9: 207 | F9: 24 | G9: Apple clang version 21.0.0 (clang-2100.3.34.2), -std=c++20 (no -O flag, as in the README) | H9: (cd Part3/composite-test-tree/cpp) clang++ -std=c++20 -Wall -Wextra -pedantic -o composite main.cpp nodes.cpp tree_parser.cpp && clang++ -std=c++20 -Wall -Wextra -pedantic -o composite_test test_main.cpp nodes.cpp tree_parser.cpp && ./composite_test | I9: 3/3 passed (Part3/evidence/test_results/Composite_Cpp.txt) | J9: 5.1 | K9: Pure virtual base class checked by the compiler, copying deleted to avoid slicing; ownership tree of unique_ptr children (erase_if frees a node immediately, whole tree freed when root goes out of scope); parser keeps non-owning raw pointers; safe Composite with dynamic_cast.
A10: Strategy | B10: A3 Post-Discovery Filter Policies | C10: Java | D10: Part3/strategy-test-filters/java/src/strategy/ExcludeTag.java; Part3/strategy-test-filters/java/src/strategy/IncludeTag.java; Part3/strategy-test-filters/java/src/strategy/NameContains.java; Part3/strategy-test-filters/java/src/strategy/StrategyDemo.java; Part3/strategy-test-filters/java/src/strategy/TestCase.java; Part3/strategy-test-filters/java/src/strategy/TestFilter.java; Part3/strategy-test-filters/java/src/strategy/TestSelector.java | E10: 104 | F10: 6 | G10: openjdk version "25.0.4.1" 2026-08-18 LTS | H10: (cd Part3/strategy-test-filters/java) javac -d out src/strategy/*.java test/strategy/*.java && java -cp out strategy.StrategyTest | I10: 3/3 passed (Part3/evidence/test_results/Strategy_Java.txt) | J10: 32.8 | K10: The strategy is an interface and the concrete strategies are records: each is an immutable value with its parameter (tag, text) and the compiler checks every override. TestSelector uses filter::includes as a method reference in a stream, which is the same shape as JUnit's Filter.toPredicate(). The test plugs in an anonymous class the selector has never seen, showing that the context depends only on the interface.
A11: Strategy | B11: A3 Post-Discovery Filter Policies | C11: Python | D11: Part3/strategy-test-filters/python/strategy.py; Part3/strategy-test-filters/python/main.py | E11: 77 | F11: 7 | G11: Python 3.14.2 | H11: (cd Part3/strategy-test-filters/python) python3 -m unittest -v test_strategy | I11: 3/3 passed (Part3/evidence/test_results/Strategy_Python.txt) | J11: 21.2 | K11: TestFilter is an abc.ABC; a subclass that forgets includes or describe cannot be instantiated, but this is checked at run time, not compile time. The selector only calls includes(), so any object with that method would work (duck typing); the ABC documents the contract. Lists are filtered with a comprehension instead of a stream.
A12: Strategy | B12: A3 Post-Discovery Filter Policies | C12: JavaScript | D12: Part3/strategy-test-filters/javascript/src/main.js; Part3/strategy-test-filters/javascript/src/strategy.js | E12: 108 | F12: 5 | G12: Node.js v26.11.1 | H12: (cd Part3/strategy-test-filters/javascript) node --test test/strategy.test.js | I12: 3/3 passed (Part3/evidence/test_results/Strategy_JavaScript.txt) | J12: 92.8 | K12: There are no interfaces: TestFilter blocks new TestFilter() with new.target and throws if a subclass forgets a method, which is only noticed when it is called. The test passes a plain object { includes } as a strategy and the selector accepts it: pure duck typing. Parameters are #private fields.
A13: Strategy | B13: A3 Post-Discovery Filter Policies | C13: C++ | D13: Part3/strategy-test-filters/cpp/strategy.hpp; Part3/strategy-test-filters/cpp/main.cpp | E13: 122 | F13: 7 | G13: Apple clang version 21.0.0 (clang-2100.3.34.2), -std=c++20 (no -O flag, as in the README) | H13: (cd Part3/strategy-test-filters/cpp) clang++ -std=c++20 -Wall -Wextra -pedantic -o strategy main.cpp && clang++ -std=c++20 -Wall -Wextra -pedantic -o strategy_test test_main.cpp && ./strategy_test | I13: 3/3 passed (Part3/evidence/test_results/Strategy_Cpp.txt) | J13: 5.1 | K13: TestFilter has pure virtual functions, so a strategy that misses one does not compile; concrete strategies are final. TestSelector borrows the strategy by const&; the strategies are owned by report() as std::unique_ptr<TestFilter> in a vector, so ownership is explicit. Selection uses std::copy_if with a lambda.
... A41: Factory Method | B41: B2 Engine Collaborator Factory Methods | C41: C++ | D41: Part3/factory-method-executors/cpp/factory.hpp; Part3/factory-method-executors/cpp/main.cpp | E41: 128 | F41: 6 | G41: Apple clang version 21.0.0 (clang-2100.3.34.2), -std=c++20 (no -O flag, as in the README) | H41: (cd Part3/factory-method-executors/cpp) clang++ -std=c++20 -Wall -Wextra -pedantic -o factory main.cpp && clang++ -std=c++20 -Wall -Wextra -pedantic -o factory_test test_main.cpp && ./factory_test | I41: 3/3 passed (Part3/evidence/test_results/FactoryMethod_Cpp.txt) | J41: 4.8 | K41: The factory method returns std::unique_ptr<Executor>, so the caller (execute) owns the product and it is freed when execute returns. Factory method and product are pure virtual; create_executor is protected because only execute should call it. Engines are temporaries in report.
A43: Source: Part 3, measured on my Mac (Part3/measure.py)

Sheet timing_raw
A1: problem | B1: language | C1: run | D1: elapsed_ms
A2: observer-test-listeners | B2: java | C2: warmup | D2: 35.54
A3: observer-test-listeners | B3: java | C3: run1 | D3: 35.84
A4: observer-test-listeners | B4: java | C4: run2 | D4: 35.81
A5: observer-test-listeners | B5: java | C5: run3 | D5: 38.54
A6: observer-test-listeners | B6: java | C6: run4 | D6: 36.7
A7: observer-test-listeners | B7: java | C7: run5 | D7: 35.96
A8: observer-test-listeners | B8: python | C8: warmup | D8: 21.42
A9: observer-test-listeners | B9: python | C9: run1 | D9: 21.81
A10: observer-test-listeners | B10: python | C10: run2 | D10: 21.81
A11: observer-test-listeners | B11: python | C11: run3 | D11: 21.87
A12: observer-test-listeners | B12: python | C12: run4 | D12: 21.76
A13: observer-test-listeners | B13: python | C13: run5 | D13: 21.54
... A241: factory-method-executors | B241: cpp | C241: run5 | D241: 4.69
A243: Source: Part 3 raw times: 1 warm-up + 5 runs per program

Sheet llm
A1: part | B1: model_and_date | C1: prompt_file | D1: input_file | E1: output_file | F1: evaluation | G1: verification_file
A2: Part 1 - pattern discovery: prompt 1: map files and flow per area | B2: Claude Opus 5.5 (claude.ai, Claude Code on the web) - 2026-10-10 | C2: Part1/llm/prompt_1_files.txt | D2: data/code/ (JUnit 6.1.3 at f59f60d; the four modules, src/main/java) | E2: Part1/llm/output_1_files.md | F2: correct: all 157 full paths and 262 short file names exist at the commit; 6 behavioural claims spot-checked in source and correct (P1-01..P1-08). Prompt written by me, adapted from a suggestion by Claude. | G2: Part1/evidence/verification.csv
A3: Part 1 - pattern discovery: prompt 2: simple explanation of the Area A flow | B3: Claude Opus 5.5 (claude.ai, Claude Code on the web) - 2026-10-10 | C3: Part1/llm/prompt_2_areaA_flow.txt | D3: data/code/; Part1/llm/output_1_files.md (same chat) | E3: Part1/llm/output_2_areaA_flow.md | F3: correct: all 8 claims about the discovery flow checked in source (P2-01..P2-08). Prompt written by me. | G3: Part1/evidence/verification.csv
A4: Part 1 - pattern discovery: prompt 3: patterns in Area A | B4: Claude Opus 5.5 (claude.ai, Claude Code on the web) - 2026-10-10 | C4: Part1/llm/prompt_3_areaA_patterns.txt | D4: data/code/; Part1/llm/output_1_files.md (same chat) | E4: Part1/llm/output_3_areaA_patterns.md | F4: partially correct: 110/110 cited lines exact; all 5 verdicts supported by source; 2 judgement issues (P3-11 inconsistent Composite rule, P3-12 Strategy/Composite overlap) decided by me. Prompt written by me, adapted from a suggestion by Claude. | G4: Part1/evidence/verification.csv; Part1/evidence/claims_3_areaA.txt
A5: Part 1 - pattern discovery: prompt 4: simple explanation of the Area B flow | B5: Claude Opus 5.5 (claude.ai, Claude Code on the web) - 2026-10-10 | C5: Part1/llm/prompt_4_areaB_flow.txt | D5: data/code/; Part1/llm/output_1_files.md (same chat) | E5: Part1/llm/output_4_areaB_flow.md | F5: partially correct: 6 of 7 checked claims correct; step 7 is wrong - for a @Disabled method the test instance IS created because prepare() runs before shouldBeSkipped() (NodeTestTask.java:109-114, TestMethodTestDescriptor.java:127). Prompt written by me, adapted from a suggestion by Claude. | G5: Part1/evidence/verification.csv
A6: Part 1 - pattern discovery: prompt 4b: follow-up challenging step 7 of prompt 4 | B6: Claude Opus 5.5 (claude.ai, Claude Code on the web) - 2026-10-10 | C6: Part1/llm/prompt_4b_correction.txt | D6: data/code/junit-platform-engine/src/main/java/org/junit/platform/engine/support/hierarchical/NodeTestTask.java; data/code/junit-jupiter-engine/src/main/java/org/junit/jupiter/engine/descriptor/TestMethodTestDescriptor.java (same chat) | E6: Part1/llm/output_4b_correction.md | F6: correct: model accepted the correction; its extra claim (constructor error => reported failed, not skipped) is right but the mechanism is via assertEmpty() at JupiterTestDescriptor.java:228. Prompt written by me based on my verification finding P4-06. | G6: Part1/evidence/verification.csv
A7: Part 1 - pattern discovery: prompt 5: patterns in Area B | B7: Claude Opus 5.5 (claude.ai, Claude Code on the web) - 2026-10-10 | C7: Part1/llm/prompt_5_areaB_patterns.txt | D7: data/code/; Part1/llm/output_1_files.md (same chat) | E7: Part1/llm/output_5_areaB_patterns.md | F7: correct: 103/103 cited lines exact; all verdicts supported by source (P5-01..P5-14). Counting decisions (overlaps, reused Composite, listener classes shared with Area C) made by me. Prompt written by me, adapted from a suggestion by Claude. | G7: Part1/evidence/verification.csv; Part1/evidence/claims_5_areaB.txt
A8: Part 1 - pattern discovery: prompt 6: simple explanation of the Area C flow | B8: Claude Opus 5.5 (claude.ai, Claude Code on the web) - 2026-10-10 | C8: Part1/llm/prompt_6_areaC_flow.txt | D8: data/code/; Part1/llm/output_1_files.md (same chat) | E8: Part1/llm/output_6_areaC_flow.md | F8: correct: 6 checked claims correct (P6-01..P6-06); small omissions only (optional MemoryCleanupListener; engine skipped event is also delayed). Prompt written by me, adapted from a suggestion by Claude. | G8: Part1/evidence/verification.csv
A9: Part 1 - pattern discovery: prompt 7: patterns in Area C | B9: Claude Opus 5.5 (claude.ai, Claude Code on the web) - 2026-10-10 | C9: Part1/llm/prompt_7_areaC_patterns.txt | D9: data/code/; Part1/llm/output_1_files.md; Part1/notes.md (instances already counted; same chat) | E9: Part1/llm/output_7_areaC_patterns.md | F9: correct: 75/75 cited lines exact; followed the do-not-recount instruction; one weak claim (ListenerRegistry factory as Strategy) recorded as uncertain (P7-07). Prompt written by me, adapted from a suggestion by Claude. | G9: Part1/evidence/verification.csv; Part1/evidence/claims_7_areaC.txt
A10: Part 1 - pattern discovery: prompt 8: simple explanation of the Area D flow | B10: Claude Opus 5.5 (claude.ai, Claude Code on the web) - 2026-10-10 | C10: Part1/llm/prompt_8_areaD_flow.txt | D10: data/code/; Part1/llm/output_1_files.md (same chat) | E10: Part1/llm/output_8_areaD_flow.md | F10: correct: 21/21 cited lines correct and 7 behavioural claims confirmed (P8-01..P8-08). Prompt written by me, adapted from a suggestion by Claude. | G10: Part1/evidence/verification.csv; Part1/evidence/claims_8_areaD_flow.txt
A11: Part 1 - pattern discovery: prompt 9: patterns in Area D | B11: Claude Opus 5.5 (claude.ai, Claude Code on the web) - 2026-10-10 | C11: Part1/llm/prompt_9_areaD_patterns.txt | D11: data/code/; Part1/llm/output_1_files.md; Part1/notes.md (instances already counted; same chat) | E11: Part1/llm/output_9_areaD_patterns.md | F11: correct: 100/100 cited lines exact; all verdicts supported (P9-01..P9-16); followed the do-not-recount instruction. Prompt written by me, adapted from a suggestion by Claude. | G11: Part1/evidence/verification.csv; Part1/evidence/claims_9_areaD.txt
A12: Part 1 - pattern discovery: UML (prompt 10: PlantUML class diagram per confirmed instance) | B12: Claude Opus 5.5 (claude.ai, Claude Code on the web) - 2026-10-10 | C12: Part1/llm/prompt_10_uml.txt | D12: data/code/ (same chat; my instance tables were NOT included, a placeholder was sent) | E12: Part1/llm/output_10_uml.md | F12: partially correct: 98/98 implements/extends arrows match source; 1 wrong participant (A2 EngineFilter) removed; model ids remapped to ours and 2 extra diagrams dropped (P10-01..P10-04). Prompt drafted with Claude, used by me. | G12: Part1/uml/arrow_check.txt; Part1/uml/README.md
... A20: Part 3 - cross-language analysis: tooling for all parts (slides, dataset workbook, README, dataset generators, measurement and verification scripts) | B20: Claude Opus 5.5 (Claude Code CLI) - 2026-10-10 | C20: data/prompt_reporting_with_claude_code.txt | D20: data/ (all datasets); Part1/ Part2/ Part3/ evidence; casestudy.tex template | E20: B16_Report.tex | F20: correct after review: every number in the report and slides cross-checked against the datasets and logs; automated check against the assignment PDF and template (DP_Csestudy.pdf, DP_Csestudy1.pdf); corrections during review recorded in the README and the per-part verification files. | G20: data/test_result/README.md; Part2/evidence/verification.csv; Part3/llm/verification.csv
A22: Source: Every AI interaction (master file)

Sheet verification_part1
A1: claim_id | B1: llm_output_file | C1: claim | D1: file_and_lines | E1: verdict | F1: correction | G1: checked_by
A2: P1-01 | B2: Part1/llm/output_1_files.md | C2: All 157 full file paths named in the answer exist | D2: files at commit f59f60d (git ls-tree) | E2: correct | F2: 8 'missing' entries are only wildcards (tagexpression/*.java, condition/*.java, util/*.java) or '.../' abbreviations; all resolve to real files | G2: Gautham Mohanraj
A3: P1-02 | B3: Part1/llm/output_1_files.md | C3: All 262 short file names exist in the four modules | D3: files at commit f59f60d | E3: correct | F3: only 'Assert*.java' is a wildcard (Assertions helpers exist)
A4: P1-03 | B4: Part1/llm/output_1_files.md | C4: JupiterTestDescriptor extends AbstractTestDescriptor implements Node | D4: JE/descriptor/JupiterTestDescriptor.java:64-65 | E4: correct
A5: P1-04 | B5: Part1/llm/output_1_files.md | C5: Root registry built-ins = DisabledCondition AutoClose Timeout RepeatedTest TestInfo TestReporter + TempDirectory | D5: JE/extension/MutableExtensionRegistry.java:54-60 and 86 | E5: correct | F5: TempDirectory is registered separately at line 86 (needs configuration)
A6: P1-05 | B6: Part1/llm/output_1_files.md | C6: Store closes values in reverse insertion order | D6: PE/support/store/NamespacedHierarchicalStore.java:125 and 662 | E6: correct
A7: P1-06 | B7: Part1/llm/output_1_files.md | C7: Before-callbacks in registration order; after-callbacks reversed | D7: JE/descriptor/CallbackSupport.java:33 and 48 | E7: correct
A8: P1-07 | B8: Part1/llm/output_1_files.md | C8: Stack-trace pruning is on by default | D8: PL/core/EngineExecutionOrchestrator.java:195-196 | E8: correct
A9: P1-08 | B9: Part1/llm/output_1_files.md | C9: Listener chain: OutcomeDelaying > StackTracePruning > [MemoryCleanup] > composite > ExecutionListenerAdapter | D9: PL/core/EngineExecutionOrchestrator.java:145-149 198 253 | E9: correct
A10: P2-01 | B10: Part1/llm/output_2_areaA_flow.md | C10: Each engine gets a root UniqueId; EngineFilterer skips excluded engines | D10: PL/core/EngineDiscoveryOrchestrator.java:80-84 and 163 | E10: correct
A11: P2-02 | B11: Part1/llm/output_2_areaA_flow.md | C11: JupiterTestEngine.discover creates JupiterEngineDescriptor then calls DiscoverySelectorResolver | D11: JE/JupiterTestEngine.java:74-75 | E11: correct
A12: P2-03 | B12: Part1/llm/output_2_areaA_flow.md | C12: DiscoverySelectorResolver plugs ClassSelectorResolver and MethodSelectorResolver into EngineDiscoveryRequestResolver plus ordering visitors and validation | D12: JE/discovery/DiscoverySelectorResolver.java:40-50 | E12: correct | G12: Gautham Mohanraj
A13: P2-04 | B13: Part1/llm/output_2_areaA_flow.md | C13: EngineDiscoveryRequestResolution processes a queue of selectors one at a time | D13: PE/support/discovery/EngineDiscoveryRequestResolution.java:69 and 82-85 | E13: correct
A14: P2-05 | B14: Part1/llm/output_2_areaA_flow.md | C14: ClassSelectorResolver uses TestClassPredicates; MethodSelectorResolver maps IsTestMethod to TestMethodTestDescriptor | D14: JE/discovery/ClassSelectorResolver.java:73-80; JE/discovery/MethodSelectorResolver.java:178 | E14: correct
A15: P2-06 | B15: Part1/llm/output_2_areaA_flow.md | C15: A private @Test method is reported as a discovery issue | D15: JE/discovery/predicates/IsTestableMethod.java:60-63 | E15: correct | F15: message: 'must not be private'
A16: P2-07 | B16: Part1/llm/output_2_areaA_flow.md | C16: EngineDiscoveryResultValidator checks for cycles (loops) in the tree | D16: PL/core/EngineDiscoveryResultValidator.java:40-65 | E16: correct | F16: also checks the root is non-null
A17: P2-08 | B17: Part1/llm/output_2_areaA_flow.md | C17: TestPlan.from turns every descriptor into a TestIdentifier; InternalTestPlan keeps the real tree | D17: PL/TestPlan.java:89-94; PL/core/InternalTestPlan.java:26-39 | E17: correct
A18: P3-01 | B18: Part1/llm/output_3_areaA_patterns.md | C18: All 110 cited line numbers contain the quoted code | D18: Part1/evidence/claims_3_areaA.txt (run check_lines.py) | E18: correct | F18: 110/110 exact | G18: Gautham Mohanraj
A19: P3-02 | B19: Part1/llm/output_3_areaA_patterns.md | C19: Composite: TestDescriptor tree (accept/getDescendants/findByUniqueId recurse over children) | D19: PE/TestDescriptor.java:345-349; PE/support/descriptor/AbstractTestDescriptor.java:69 and 195-202 | E19: correct
A20: P3-03 | B20: Part1/llm/output_3_areaA_patterns.md | C20: Transparent Composite: TestFactoryTestDescriptor extends a leaf class but returns CONTAINER | D20: JE/descriptor/TestFactoryTestDescriptor.java:97-99 | E20: correct
A21: P3-04 | B21: Part1/llm/output_3_areaA_patterns.md | C21: Strategy: orchestrator applies PostDiscoveryFilters only through Filter.apply | D21: PL/core/EngineDiscoveryOrchestrator.java:56 180-181 227-233 | E21: correct
A22: P3-05 | B22: Part1/llm/output_3_areaA_patterns.md | C22: Template Method: final getExecutionMode / getLegacyReportingName with hooks overridden in subclasses | D22: JE/descriptor/JupiterTestDescriptor.java:85 163 187-199; ClassBasedTestDescriptor.java:131 167 172; ClassTestDescriptor.java:86 | E22: correct | F22: getDefaultExecutionMode is also overridden in ClassTestDescriptor:86 (AI did not cite it)
A23: P3-06 | B23: Part1/llm/output_3_areaA_patterns.md | C23: withUniqueId primitive implemented in 10 subclasses | D23: JE/descriptor/*.java | E23: correct | F23: 10 files counted
A24: P3-07 | B24: Part1/llm/output_3_areaA_patterns.md | C24: Observer: discovery listeners registered on launcher and notified by orchestrator + resolution | D24: PL/core/DefaultLauncher.java:73-76; PL/core/EngineDiscoveryOrchestrator.java:116-197; PE/support/discovery/EngineDiscoveryRequestResolution.java:91-100 | E24: correct | G24: Gautham Mohanraj
A25: P3-08 | B25: Part1/llm/output_3_areaA_patterns.md | C25: Adapter: DefaultClassDescriptor wraps ClassBasedTestDescriptor behind public ClassDescriptor API | D25: JE/discovery/DefaultClassDescriptor.java:23-26; AbstractAnnotatedDescriptorWrapper.java:28-47 | E25: correct | G25: Gautham Mohanraj
A26: P3-09 | B26: Part1/llm/output_3_areaA_patterns.md | C26: AbstractTestDescriptor is not Template Method (final getters; never calls getType) | D26: PE/support/descriptor/AbstractTestDescriptor.java:120 140 150 | E26: correct
A27: P3-10 | B27: Part1/llm/output_3_areaA_patterns.md | C27: TestIdentifier is a data snapshot holding no TestDescriptor reference | D27: PL/TestIdentifier.java:49-67 | E27: correct
A28: P3-11 | B28: Part1/llm/output_3_areaA_patterns.md | C28: CompositeFilter is a real Composite but CompositeTestDescriptorVisitor is Composite only in form | D28: PE/CompositeFilter.java:29-65; PE/CompositeTestDescriptorVisitor.java:20-39 | E28: partially correct | F28: inconsistent rule. Decision: count CompositeFilter (combines filters into one Filter used by the orchestrator); reject CompositeTestDescriptorVisitor (only runs callbacks in sequence, no tree is built)
A29: P3-12 | B29: Part1/llm/output_3_areaA_patterns.md | C29: Strategy (filters) and Composite (CompositeFilter) reported as separate patterns | D29: same classes | E29: partially correct | F29: Decision: count 2 instances with an overlap note - Strategy = interchangeable filter rules, Composite = combining them
A30: P4-01 | B30: Part1/llm/output_4_areaB_flow.md | C30: DefaultLauncher.execute opens a request-level store (try-with-resources) and calls the orchestrator | D30: PL/core/DefaultLauncher.java:136-137 | E30: correct
A31: P4-02 | B31: Part1/llm/output_4_areaB_flow.md | C31: Orchestrator reports plan started then calls TestEngine.execute(ExecutionRequest) per engine | D31: PL/core/EngineExecutionOrchestrator.java:104 and 256 | E31: correct
A32: P4-03 | B32: Part1/llm/output_4_areaB_flow.md | C32: HierarchicalTestExecutor runs NodeTreeWalker and wraps the root in a NodeTestTask | D32: PE/support/hierarchical/HierarchicalTestExecutor.java:58 and 65 | E32: correct
A33: P4-04 | B33: Part1/llm/output_4_areaB_flow.md | C33: NodeTestTask order: prepare, shouldBeSkipped, before, execute, children, after, cleanUp, report | D33: PE/support/hierarchical/NodeTestTask.java:106-121 144-192 | E33: correct
A34: P4-05 | B34: Part1/llm/output_4_areaB_flow.md | C34: Method prepare creates a new test instance (per-method lifecycle) | D34: JE/descriptor/TestMethodTestDescriptor.java:113-130 | E34: correct
A35: P4-06 | B35: Part1/llm/output_4_areaB_flow.md | C35: For a @Disabled method 'no instance is created and nothing in the method runs' | D35: PE/support/hierarchical/NodeTestTask.java:109-120; JE/descriptor/TestMethodTestDescriptor.java:126-129 | E35: incorrect | F35: prepare() runs BEFORE checkWhetherSkipped(), and TestMethodTestDescriptor.prepare creates the test instance (line 127). So the CalcTest constructor DOES run for divides(); cleanUp also runs (context != null). Only @BeforeEach/test body/@AfterEach are skipped.
A36: P4-07 | B36: Part1/llm/output_4_areaB_flow.md | C36: Skip reason text is '<method> is @Disabled' when no reason is given | D36: JE/extension/DisabledCondition.java:50 | E36: correct
A37: P4b-01 | B37: Part1/llm/output_4b_correction.md | C37: Model accepts the correction: instance is created for a @Disabled method; @BeforeEach/body/@AfterEach skipped; cleanUp still runs | D37: PE/support/hierarchical/NodeTestTask.java:109-120; JE/descriptor/TestMethodTestDescriptor.java:126-129 | E37: correct | F37: confirms P4-06 correction
A38: P4b-02 | B38: Part1/llm/output_4b_correction.md | C38: If the constructor throws, divides() is reported as failed rather than skipped | D38: JE/descriptor/JupiterTestDescriptor.java:227-228; PE/support/hierarchical/NodeTestTask.java:112-113 | E38: correct | F38: mechanism slightly imprecise: the skip check IS called, but JupiterTestDescriptor.shouldBeSkipped first calls context.getThrowableCollector().assertEmpty() (line 228), which rethrows the constructor error before any condition is evaluated
A39: P5-01 | B39: Part1/llm/output_5_areaB_patterns.md | C39: All 103 cited line numbers contain the quoted code | D39: Part1/evidence/claims_5_areaB.txt (run check_lines.py) | E39: correct | F39: 103/103 exact
A40: P5-02 | B40: Part1/llm/output_5_areaB_patterns.md | C40: Template Method: final HierarchicalTestEngine.execute with abstract createExecutionContext; JupiterTestEngine does not override execute | D40: PH/HierarchicalTestEngine.java:53-59 117; JE/JupiterTestEngine.java:44 90 | E40: correct | G40: Gautham Mohanraj
A41: P5-03 | B41: Part1/llm/output_5_areaB_patterns.md | C41: Factory Method: create* methods overridden by JupiterTestEngine | D41: PH/HierarchicalTestEngine.java:83-107; JE/JupiterTestEngine.java:80-100 | E41: correct | F41: same three methods as the Template Method steps (overlap) - see decision
A42: P5-04 | B42: Part1/llm/output_5_areaB_patterns.md | C42: Strategy: 3 executor services behind submit/invokeAll; NodeTestTask only calls the interface | D42: PH/HierarchicalTestExecutorService.java:34-74; PH/NodeTestTask.java:180 | E42: correct
A43: P5-05 | B43: Part1/llm/output_5_areaB_patterns.md | C43: Strategy: FIXED/DYNAMIC/CUSTOM enum constants chosen by config (default dynamic) | D43: PH/DefaultParallelExecutionConfigurationStrategy.java:33-225 | E43: correct
A44: P5-06 | B44: Part1/llm/output_5_areaB_patterns.md | C44: Decorator: DelegatingLauncher > InterceptingLauncher > DefaultLauncher; interceptors nested | D44: PL/core/DefaultLauncherSession.java:67-70 136-155 | E44: correct
A45: P5-07 | B45: Part1/llm/output_5_areaB_patterns.md | C45: Decorator: engine-listener wrappers stacked conditionally by EngineExecutionOrchestrator | D45: PL/core/EngineExecutionOrchestrator.java:148-149 197-198 253 | E45: correct | F45: listener classes - also part of Area C
A46: P5-08 | B46: Part1/llm/output_5_areaB_patterns.md | C46: Adapter: ExecutionListenerAdapter converts TestDescriptor events to TestIdentifier events | D46: PL/core/ExecutionListenerAdapter.java:28-71 | E46: correct | F46: listener class - also part of Area C
A47: P5-09 | B47: Part1/llm/output_5_areaB_patterns.md | C47: Observer (execution): NodeTestTask pushes started/skipped/finished to EngineExecutionListener | D47: PH/NodeTestTask.java:158 209 224 | E47: correct | F47: also part of Area C
A48: P5-10 | B48: Part1/llm/output_5_areaB_patterns.md | C48: Composite reused in a new role (task tree mirrors descriptor tree) | D48: PH/NodeTestTask.java:169-180 | E48: correct | F48: not a new instance - it is A1 with a new client (NodeTestTask)
A49: P5-11 | B49: Part1/llm/output_5_areaB_patterns.md | C49: Command: NodeTestTask implements TestTask and is run by the executor (invoker) | D49: PH/HierarchicalTestExecutorService.java:88-114; PH/NodeTestTask.java:46 | E49: correct
A50: P5-12 | B50: Part1/llm/output_5_areaB_patterns.md | C50: Null Object: NodeUtils.asNode returns a do-nothing Node | D50: PH/NodeUtils.java:25-30 | E50: correct
A51: P5-13 | B51: Part1/llm/output_5_areaB_patterns.md | C51: Rejections: static factory; TestEngine is a plug-in SPI (every engine runs); ClosedLauncher throws; LauncherStoreFacade not a Facade | D51: PH/ParallelHierarchicalTestExecutorServiceFactory.java:86-93; PL/core/EngineExecutionOrchestrator.java:188; PL/core/DefaultLauncherSession.java:98-132; JE/execution/LauncherStoreFacade.java:46-56 | E51: correct
A52: P5-14 | B52: Part1/llm/output_5_areaB_patterns.md | C52: NodeTestTask + Node is a 'hook interface' not pure Template Method | D52: PH/NodeTestTask.java:106-121; PH/Node.java:38-125 | E52: correct | F52: recorded as UNCERTAIN Template Method
A53: P6-01 | B53: Part1/llm/output_6_areaC_flow.md | C53: Chain: OutcomeDelaying > StackTracePruning > CompositeEngine > ExecutionListenerAdapter > CompositeTestExecutionListener | D53: PL/core/EngineExecutionOrchestrator.java:145-149 186-198 253-256 | E53: correct | F53: optional MemoryCleanupListener (when enabled) is omitted from the picture
A54: P6-02 | B54: Part1/llm/output_6_areaC_flow.md | C54: OutcomeDelaying passes test events through but holds back the engine's finished event until execute() returns | D54: PL/core/OutcomeDelayingEngineExecutionListener.java:65-81; PL/core/EngineExecutionOrchestrator.java:258 | E54: correct | F54: it also holds back an engine-level skipped event
A55: P6-03 | B55: Part1/llm/output_6_areaC_flow.md | C55: TestAbortedException gives ABORTED | D55: PE/support/hierarchical/OpenTest4JAwareThrowableCollector.java:29 | E55: correct
A56: P6-04 | B56: Part1/llm/output_6_areaC_flow.md | C56: publishEntry > publishReportEntry > reportingEntryPublished on the same chain | D56: JE/extension/DefaultTestReporter.java:33-34; JE/descriptor/AbstractExtensionContext.java:142 | E56: correct
A57: P6-05 | B57: Part1/llm/output_6_areaC_flow.md | C57: Summary created at testPlanExecutionStarted; tests found counted from the TestPlan | D57: PL/listeners/SummaryGeneratingListener.java (testPlanExecutionStarted); PL/listeners/MutableTestExecutionSummary.java:72-73 | E57: correct
A58: P6-06 | B58: Part1/llm/output_6_areaC_flow.md | C58: CompositeTestExecutionListener: started in registration order; finished in reverse; one listener's exception is logged and others still notified | D58: PL/core/CompositeTestExecutionListener.java:45-116 | E58: correct
A59: P7-01 | B59: Part1/llm/output_7_areaC_patterns.md | C59: All 75 cited line numbers contain the quoted code | D59: Part1/evidence/claims_7_areaC.txt (run check_lines.py) | E59: correct | F59: 75/75 exact | G59: Gautham Mohanraj
A60: P7-02 | B60: Part1/llm/output_7_areaC_patterns.md | C60: Observer (client side): TestExecutionListener observers attached 3 ways and notified by CompositeTestExecutionListener.notifyEach with failure isolation | D60: PL/core/DefaultLauncher.java:80-83; PL/core/LauncherFactory.java:197-209; PL/core/EngineExecutionOrchestrator.java:240-245; PL/core/CompositeTestExecutionListener.java:104-112 | E60: correct | F60: new collaboration vs B8 (B8 = engine side EngineExecutionListener)
A61: P7-03 | B61: Part1/llm/output_7_areaC_patterns.md | C61: Observer (session): LauncherSessionListener notified on session open/close | D61: PL/core/DefaultLauncherSession.java:71 87 | E61: correct
A62: P7-04 | B62: Part1/llm/output_7_areaC_patterns.md | C62: Composite listeners are flat multicasters - Composite uncertain | D62: PL/core/CompositeTestExecutionListener.java:28; PL/core/ListenerRegistry.java:87-90 | E62: correct | F62: consistent with our Area A rule: they only broadcast, they do not combine children's results into one answer (unlike CompositeFilter)
A63: P7-05 | B63: Part1/llm/output_7_areaC_patterns.md | C63: Strategy: IterationOrder ORIGINAL/REVERSED used by notifyEach | D63: PL/core/IterationOrder.java:18-34 | E63: correct
A64: P7-06 | B64: Part1/llm/output_7_areaC_patterns.md | C64: Strategy: LoggingListener log sink is a pluggable BiConsumer | D64: PL/listeners/LoggingListener.java:62-88 | E64: correct
A65: P7-07 | B65: Part1/llm/output_7_areaC_patterns.md | C65: Strategy: ListenerRegistry composite factory passed as a Function | D65: PL/core/ListenerRegistry.java:29-89 | E65: partially correct | F65: the AI itself says it could be called an injected factory; recorded as UNCERTAIN Strategy
A66: P7-08 | B66: Part1/llm/output_7_areaC_patterns.md | C66: Template Method rejected (only optional callbacks / overloads) | D66: PL/TestExecutionListener.java:86-202; JA/TestReporter.java:58-72 | E66: correct
A67: P7-09 | B67: Part1/llm/output_7_areaC_patterns.md | C67: Adapter: DefaultTestReporter turns TestReporter.publishEntry into ExtensionContext.publishReportEntry | D67: JE/extension/DefaultTestReporter.java:24-34; JE/descriptor/AbstractExtensionContext.java:141-142 | E67: correct
A68: P7-10 | B68: Part1/llm/output_7_areaC_patterns.md | C68: Decorator: StreamInterceptor extends PrintStream and forwards every write to the original stream | D68: PL/core/StreamInterceptor.java:27-90 | E68: correct
A69: P7-11 | B69: Part1/llm/output_7_areaC_patterns.md | C69: Null Object: EngineExecutionListener.NOOP / LauncherSessionListener.NOOP | D69: PE/EngineExecutionListener.java:39; PL/LauncherSessionListener.java:48; PL/listeners/session/LauncherSessionListeners.java:37 | E69: correct
A70: P7-12 | B70: Part1/llm/output_7_areaC_patterns.md | C70: Look-alikes: ListenerRegistry not Registry; MutableTestExecutionSummary not Builder; ReportEntry not Builder; LoggingListener factories not Factory Method; UniqueIdTrackingListener not State | D70: PL/core/ListenerRegistry.java:27 51; PL/listeners/LoggingListener.java:88; PE/reporting/ReportEntry.java:34 | E70: correct
A71: P8-01 | B71: Part1/llm/output_8_areaD_flow.md | C71: All 21 cited line numbers contain the quoted code | D71: Part1/evidence/claims_8_areaD_flow.txt (run check_lines.py) | E71: correct | F71: 21/21 (computeIfAbsent is on line 226 inside the cited range 225-229)
A72: P8-02 | B72: Part1/llm/output_8_areaD_flow.md | C72: Root registry registers built-ins incl. TempDirectory so @TempDir needs no @ExtendWith | D72: JE/extension/MutableExtensionRegistry.java:54-60 81-97 | E72: correct
A73: P8-03 | B73: Part1/llm/output_8_areaD_flow.md | C73: registerExtension only instantiates a type if not already registered | D73: JE/extension/MutableExtensionRegistry.java:188-192 | E73: correct
A74: P8-04 | B74: Part1/llm/output_8_areaD_flow.md | C74: Exactly one ParameterResolver must support a parameter (errors: none / competing) | D74: JE/execution/ParameterResolutionUtils.java:139 150 | E74: correct
A75: P8-05 | B75: Part1/llm/output_8_areaD_flow.md | C75: TempDirectory stores a CloseablePath in the method store via computeIfAbsent | D75: JE/extension/TempDirectory.java:225-229 | E75: correct
A76: P8-06 | B76: Part1/llm/output_8_areaD_flow.md | C76: cleanUp: PreDestroy callbacks (per-method lifecycle) then context close; store closes values in reverse order; AutoCloseables closed by default | D76: JE/descriptor/TestMethodTestDescriptor.java:170-176; JE/descriptor/AbstractExtensionContext.java:104-127; PE/support/store/NamespacedHierarchicalStore.java:135-152 | E76: correct
A77: P8-07 | B77: Part1/llm/output_8_areaD_flow.md | C77: Temp dir is not deleted when mode is NEVER or ON_SUCCESS and the test failed | D77: JE/extension/TempDirectory.java:339-341 | E77: correct
A78: P8-08 | B78: Part1/llm/output_8_areaD_flow.md | C78: TestWatchers run after cleanUp so the temp dir is already gone | D78: PE/support/hierarchical/NodeTestTask.java:119-121; JE/descriptor/TestMethodTestDescriptor.java:278-291 | E78: correct
A79: P9-01 | B79: Part1/llm/output_9_areaD_patterns.md | C79: All 100 cited line numbers contain the quoted code | D79: Part1/evidence/claims_9_areaD.txt (run check_lines.py) | E79: correct | F79: 100/100 exact | G79: Gautham Mohanraj
A80: P9-02 | B80: Part1/llm/output_9_areaD_patterns.md | C80: Strategy: TempDirFactory chosen from @TempDir(factory) or configuration | D80: JA/io/TempDirFactory.java:49-95; JE/extension/TempDirectory.java:194-199 | E80: correct
A81: P9-03 | B81: Part1/llm/output_9_areaD_patterns.md | C81: Strategy: TempDirDeletionStrategy (IgnoreFailures / Standard) | D81: JA/io/TempDirDeletionStrategy.java:71-165; JE/extension/TempDirectory.java:187 349 | E81: correct
A82: P9-04 | B82: Part1/llm/output_9_areaD_patterns.md | C82: Strategy: exactly one ParameterResolver chosen by supportsParameter | D82: JE/execution/ParameterResolutionUtils.java:132-155 | E82: correct
A83: P9-05 | B83: Part1/llm/output_9_areaD_patterns.md | C83: Strategy: ExecutionConditions combined by ConditionEvaluator (first disabled wins) | D83: JE/execution/ConditionEvaluator.java:52-57 | E83: correct
A84: P9-06 | B84: Part1/llm/output_9_areaD_patterns.md | C84: Strategy: CloseAction injected into NamespacedHierarchicalStore by AbstractExtensionContext | D84: PS/NamespacedHierarchicalStore.java:84 734; JE/descriptor/AbstractExtensionContext.java:92-120 | E84: correct | F84: small
A85: P9-07 | B85: Part1/llm/output_9_areaD_patterns.md | C85: Adapter: NamespaceAwareStore adapts platform store to Jupiter Store (fixes namespace; translates exception) | D85: JE/execution/NamespaceAwareStore.java:31-123; JE/execution/LauncherStoreFacade.java:46-52 | E85: correct
A86: P9-08 | B86: Part1/llm/output_9_areaD_patterns.md | C86: Adapter: @BeforeEach/@AfterEach methods wrapped as BeforeEachMethodAdapter/AfterEachMethodAdapter extensions | D86: JE/execution/BeforeEachMethodAdapter.java:29-31; JE/descriptor/ClassBasedTestDescriptor.java:529-535; JE/descriptor/TestMethodTestDescriptor.java:187-191 | E86: correct
A87: P9-09 | B87: Part1/llm/output_9_areaD_patterns.md | C87: Observer: TestWatcher notified of outcomes; its exceptions only logged | D87: JE/descriptor/MethodBasedTestDescriptor.java:169-187; JE/descriptor/TestMethodTestDescriptor.java:284-288 | E87: correct
A88: P9-10 | B88: Part1/llm/output_9_areaD_patterns.md | C88: Lifecycle callbacks are hooks rather than observers (a throwing BeforeEachCallback stops the rest) | D88: JE/descriptor/CallbackSupport.java:33-36 | E88: correct | F88: recorded as UNCERTAIN Observer
A89: P9-11 | B89: Part1/llm/output_9_areaD_patterns.md | C89: Template Method rejected; one-step getExecutionMode/getPlatformExecutionMode not counted | D89: JE/descriptor/CallbackSupport.java:24-49; JE/descriptor/AbstractExtensionContext.java:250-264 | E89: correct
A90: P9-12 | B90: Part1/llm/output_9_areaD_patterns.md | C90: Composite rejected: context/store/registry only have parent links | D90: JA/extension/ExtensionContext.java:63; PS/NamespacedHierarchicalStore.java:62 | E90: correct
A91: P9-13 | B91: Part1/llm/output_9_areaD_patterns.md | C91: Chain of Responsibility: InvocationInterceptorChain built back to front; handler can proceed/skip | D91: JE/execution/InvocationInterceptorChain.java:52-99; JA/extension/InvocationInterceptor.java:231-248 | E91: correct | F91: interceptor-chain variant (every handler normally forwards)
A92: P9-14 | B92: Part1/llm/output_9_areaD_patterns.md | C92: Decorator: timeout invocations wrap Invocation and call delegate.proceed(); method named decorate | D92: JE/extension/TimeoutExtension.java:163-187; JE/extension/SameThreadTimeoutInvocation.java:26-51; JE/extension/SeparateThreadTimeoutInvocation.java:42 | E92: correct
A93: P9-15 | B93: Part1/llm/output_9_areaD_patterns.md | C93: Command: MethodInvocation packages a resolved reflective call | D93: JE/execution/InterceptingExecutableInvoker.java:97; JE/execution/MethodInvocation.java:59-61 | E93: correct | F93: small; different classes from B9
A94: P9-16 | B94: Part1/llm/output_9_areaD_patterns.md | C94: Store parent lookup is CoR-shaped | D94: PS/NamespacedHierarchicalStore.java:465-471 | E94: correct | F94: recorded as UNCERTAIN Chain of Responsibility (scoped lookup)
A95: P10-01 | B95: Part1/llm/output_10_uml.md | C95: Prompt sent without the tables (placeholder only); model used its own ids | D95: Part1/llm/prompt_10_uml.txt | E95: cannot confirm | F95: my mistake in the prompt; ids mapped to ours in Part1/uml/README.md (model B9 and C5 dropped; B10/B11/C6/C7/C8 renumbered)
A96: P10-02 | B96: Part1/llm/output_10_uml.md | C96: All implements/extends arrows match the real declarations | D96: Part1/uml/arrow_check.txt (split_and_check.py) | E96: correct | F96: 98/98 checkable arrows OK; lambda/JDK arrows not checkable
A97: P10-03 | B97: Part1/llm/output_10_uml.md | C97: A2: EngineFilter is a Leaf combined by CompositeFilter | D97: data/code/junit-platform-launcher/src/main/java/org/junit/platform/launcher/core/EngineFilterer.java (no composeFilters/CompositeFilter) | E97: incorrect | F97: EngineFilter implements Filter but EngineFilterer applies engine filters separately; removed from Part1/uml/A2 diagram with a note
A98: P10-04 | B98: Part1/llm/output_10_uml.md | C98: All 37 blocks render without error | D98: Part1/uml/png/*.png | E98: correct | F98: 35 kept diagrams rendered with PlantUML 1.2025.4
A99: P11-01 | B99: Part1/llm/output_11_architecture.md | C99: Arrow 2: LauncherDiscoveryRequestBuilder calls launcher.execute(request) | D99: PL/core/LauncherDiscoveryRequestBuilder.java (no Launcher call) | E99: partially correct | F99: the builder only builds the request; the client calls launcher.execute(builder.build()) - corrected in Part1/architecture/architecture.puml
A100: P11-02 | B100: Part1/llm/output_11_architecture.md | C100: Arrow 8: EngineDiscoveryOrchestrator creates the TestPlan via InternalTestPlan.from | D100: PL/core/DefaultLauncher.java:89 124 | E100: partially correct | F100: DefaultLauncher calls InternalTestPlan.from on the orchestrator's result - corrected
...

Sheet verification_part2
A1: claim_id | B1: llm_output_file | C1: claim | D1: file_and_lines | E1: verdict | F1: correction | G1: checked_by
A2: D1-01 | B2: Part2/llm/output_1_design.md | C2: All single-line references in the answer point at the named code | D2: Part2/evidence/claims_p2_1_design.txt (run Part1/evidence/check_lines.py) | E2: partially correct | F2: 111 of 112 exact; launcherDiscoveryStarted is at EngineDiscoveryOrchestrator.java:116, not 115
A3: D1-02 | B3: Part2/llm/output_1_design.md | C3: Line ranges discoverEngineRoot 189-216 and exclusion logging 246-262 | D3: EngineDiscoveryOrchestrator.java:189-214; 246-256 | E3: partially correct | F3: start lines right, end lines wrong: discoverEngineRoot ends at 214, logTestDescriptorExclusionReasons ends at 256
A4: D1-03 | B4: Part2/llm/output_1_design.md | C4: SummaryGeneratingListener is not auto-registered; only UniqueIdTrackingListener is in META-INF/services | D4: junit-platform-launcher/src/main/resources/META-INF/services/org.junit.platform.launcher.TestExecutionListener; module-info.java:46-47 | E4: correct
A5: D1-04 | B5: Part2/llm/output_1_design.md | C5: A listener that throws is logged and skipped; unrecoverable errors are rethrown | D5: CompositeTestExecutionListener.java:104-116 (rethrowIfUnrecoverable at 111) | E5: correct
A6: D1-05 | B6: Part2/llm/output_1_design.md | C6: executionFinished and testPlanExecutionFinished run in reverse registration order, started callbacks in original order | D6: CompositeTestExecutionListener.java:71 (REVERSED); 78 (ORIGINAL); 85 (REVERSED) | E6: correct | G6: Gautham Mohanraj
A7: D1-06 | B7: Part2/llm/output_1_design.md | C7: The container/test counting pair is repeated 5 times and the descendant stream is built twice | D7: SummaryGeneratingListener.java:73-78; 85-90; 100-105; 115-120; 124-129; 133-138 | E7: correct
A8: D1-07 | B8: Part2/llm/output_1_design.md | C8: Store closes values in reverse insert order, collects every failure and rethrows the first with the rest suppressed | D8: NamespacedHierarchicalStore.java:135-160 | E8: correct
A9: D1-08 | B9: Part2/llm/output_1_design.md | C9: With the auto-close flag false, AutoCloseable values are not closed but Store.CloseableResource values still are | D9: AbstractExtensionContext.java:103-123 | E9: correct
A10: D1-09 | B10: Part2/llm/output_1_design.md | C10: A failing close is wrapped in 'Failed to close extension context' and fails the test, because cleanUp runs before reportCompletion | D10: JupiterEngineExecutionContext.java:47-55; NodeTestTask.java:118-121; TestMethodTestDescriptor.java:170-175 | E10: correct | G10: Gautham Mohanraj
A11: D1-10 | B11: Part2/llm/output_1_design.md | C11: @ExtendWith on a parameter annotation registers the extension, also for @BeforeAll/@AfterAll/@BeforeEach parameters | D11: ExtensionUtils.java:187; ClassBasedTestDescriptor.java:204 and 213; TestMethodTestDescriptor.java:141 | E11: correct
A12: D1-11 | B12: Part2/llm/output_1_design.md | C12: Store lookups fall back to the parent store (so a test reuses a class-scoped value) | D12: NamespacedHierarchicalStore.java:465-471 | E12: correct
A13: D1-12 | B13: Part2/llm/output_1_design.md | C13: No production PostDiscoveryFilter reads ConfigurationParameters | D13: grep over junit-*/src/main at f59f60d | E13: correct | F13: no class in src/main implements PostDiscoveryFilter and reads configuration; TagFilter/MethodFilter are built in code
A14: D1-13 | B14: Part2/llm/output_1_design.md | C14: Only excluded leaves are removed; empty containers are pruned afterwards | D14: EngineDiscoveryOrchestrator.java:225-238; 265-271 | E14: correct
A15: D1-14 | B15: Part2/llm/output_1_design.md | C15: An exception thrown while applying post-discovery filters is not caught and aborts discovery | D15: EngineDiscoveryOrchestrator.java:118-126 (try/finally without catch) | E15: correct | F15: launcherDiscoveryFinished still runs (finally), then the exception escapes Launcher.discover | G15: Gautham Mohanraj
A16: D1-15 | B16: Part2/llm/output_1_design.md | C16: Invalid tag expressions surface as a JUnitException | D16: TagFilter.java:68; junit-platform-commons PreconditionViolationException.java:26 (extends JUnitException) | E16: correct
A17: D1-16 | B17: Part2/llm/output_1_design.md | C17: MethodFilter.includeMethodNamePatterns can be used from launcher.core | D17: MethodFilter.java:28-29 (public interface) and 46 | E17: correct
A18: D1-17 | B18: Part2/llm/output_1_design.md | C18: Pattern impact tables use Part 1 pattern instances | D18: Part1/notes.md (35 instances) | E18: partially correct | F18: the model used its own Part 1 numbering; mapped to ours. Two items are not in our list: Filter.toPredicate() as Adapter (never counted) and CompositeTestExecutionListener as Composite (rejected by our Composite rule: it does not merge results)
A19: D1-18 | B19: Part2/llm/output_1_design.md | C19: CH03 'newly introduces' an enum Strategy (Mode) | D19: design sketch in output (FilterPolicy.apply) | E19: incorrect | F19: in the sketch Mode is only tested in a ternary inside apply(); no behaviour is selected polymorphically, so it is a flag, not a Strategy. Not counted as a new pattern | G19: Gautham Mohanraj
A20: D1-19 | B20: Part2/llm/output_1_design.md | C20: CH02 code sketch | D20: design sketch in output (ManagedResourceExtension) | E20: partially correct | F20: design is sound but the sketch does not compile as written: Holder.create(...) is never defined and ResourceFactory<?> needs an unchecked cast. Fix during implementation
A21: D1-20 | B21: Part2/llm/output_1_design.md | C21: CH03 refactoring: discoverSafely is a Long Method | D21: Part2/evidence/metrics_before.txt (discoverSafely@156-187: NLOC 24; CCN 3) | E21: partially correct | F21: the extraction is reasonable but discoverSafely is not long by metrics (24 NLOC; CCN 3). Recorded as a preparatory Extract Method (make the change easy; then make the change); not as a Long Method fix
A22: D1-21 | B22: Part2/llm/output_1_design.md | C22: junit.platform.execution.listeners.deactivate lets users switch any auto-registered listener off | D22: LauncherFactory.java:206; LauncherConstants.java:133-137; Part2/changes/Change1/demo_ch01.log scenario 7 | E22: correct | F22: true but only when given as a JVM system property or in junit-platform.properties; as a request (--config) parameter it has no effect because listeners are created before the request (found when the first demo attempt with --config still wrote the file)
A23: D1-22 | B23: Part2/llm/output_1_design.md | C23: CH02: Holder is a plain value wrapper, not a pattern; no pattern newly introduced | D23: junit-jupiter-api/.../extension/support/ManagedResourceExtension.java (record Holder) at 99987b0; AbstractExtensionContext.java:103-123 | E23: incorrect | F23: Holder converts ResourceFactory.destroy(T) into the AutoCloseable/CloseableResource close() that the store close action calls: an object Adapter. Counted as newly introduced together with the ResourceFactory Strategy (ConcreteStrategy supplied by users; absent from production code); recorded as N1 Strategy and N2 Adapter (newly_introduced) in Part2/pattern_evolution.csv | G23: Gautham Mohanraj
A25: Source: Checks of the Part 2 design answer

Sheet verification_part3
A1: claim_id | B1: llm_output_file | C1: claim | D1: file_and_lines | E1: verdict | F1: correction | G1: checked_by
A2: P3-01 | B2: Part3/llm/output_1_programs.zip (part3/README.md; RUN-LOG.txt) | C2: All 30 compile/run/test commands exit 0 | D2: Part3/RUN-LOG-mac.txt | E2: correct | F2: reproduced on my Mac with Java 25 / Python 3.14 / Node 26 / Apple clang 21: 30/30 exit 0; the web run used older versions (Java 21; Python 3.13; Node 22; clang 18) | G2: Gautham Mohanraj
A3: P3-02 | B3: Part3/llm/output_1_programs.zip (part3/README.md) | C3: All eight programs print byte-for-byte the same output as expected-output.txt | D3: Part3/RUN-LOG-mac.txt (diff ... && echo same); Part3/measure.py (asserts equality before timing) | E3: correct
A4: P3-03 | B4: Part3/llm/output_1_programs.zip (part3/README.md) | C4: Each test runner has 3 checks: expected output; bad input with expected error; one pattern-specific check | D4: Part3/llm/pattern_crosslanguage.csv (test_result 3/3 for all 8) | E4: correct
A5: P3-04 | B5: Part3/llm/output_1_programs.zip (part3/README.md) | C5: C++ test runners pass with -fsanitize=address;undefined and have no leaks | D5: Part3/cpp-sanitizer-mac.txt | E5: correct | F5: confirmed on Mac with Apple clang 21 ASan+UBSan; ASan leak detection is unsupported on macOS arm64 so leaks were checked with macOS leaks --atExit: 0 leaks in both
A6: P3-05 | B6: Part3/llm/output_1_programs.zip (part3/README.md) | C6: C++ headers include everything they use, so the code builds with Apple libc++ | D6: Part3/RUN-LOG-mac.txt (clang++ -Wall -Wextra -pedantic) | E6: correct | F6: builds with 0 warnings on Apple clang 21 / libc++
A7: P3-06 | B7: Part3/llm/output_1_programs.zip (part3/README.md) | C7: 16 more inputs gave identical output and exit codes in all four languages | D7: not available | E7: cannot confirm | F7: the 16 extra inputs are not in the zip; only events.txt / tree.txt and the two invalid inputs could be re-run
A8: P3-07 | B8: Part3/llm/output_1_programs.zip (observer-test-listeners) | C8: Observer isolates a throwing listener like JUnit's CompositeTestExecutionListener.notifyEach | D8: data/code/junit-platform-launcher/src/main/java/org/junit/platform/launcher/core/CompositeTestExecutionListener.java:104-116 | E8: correct | F8: difference stated in the READMEs: JUnit catches Throwable and rethrows unrecoverable errors; the snippets catch RuntimeException / Exception / std::exception / any thrown value | G8: Gautham Mohanraj
A9: P3-08 | B9: Part3/llm/output_1_programs.zip (composite-test-tree) | C9: Composite is modelled on the TestDescriptor tree with prune; snippets use the safe form while JUnit uses the transparent form | D9: data/code/junit-platform-engine/src/main/java/org/junit/platform/engine/TestDescriptor.java:175 (addChild on the component); 324 (prune) | E9: correct | G9: Gautham Mohanraj
A10: P3-09 | B10: Part3/llm/output_1_programs.zip (READMEs) | C10: Production code is kept small and separate from tests | D10: Part3/lizard-raw.txt | E10: partially correct | F10: tests are separate and pattern classes are small; but every Composite input parser is long and complex (Java TreeParser.parse 64 NLOC CCN 22; Python parse CCN 22; JavaScript CCN 17; C++ parse CCN 24), so max_function_cc reflects parsing, not the pattern
A11: P3-10 | B11: Part3/llm/output_1_programs.zip (part3/README.md) | C11: Nothing was timed on purpose | D11: Part3/timing-raw.csv | E11: correct | F11: timing done only on my Mac: 1 warm-up + 5 runs, median
A12: P3-11 | B12: Part3/<8 new problem folders> (written by Claude Code) | C12: All 32 new programs print byte-for-byte the expected output and reject the bad input with the exact expected error | D12: Part3/RUN-LOG-mac.txt (110 commands; 40 'same') | E12: correct | F12: reproduced on my Mac with Java 25 / Python 3.14 / Node 26 / Apple clang 21
A13: P3-12 | B13: Part3/<8 new problem folders> | C13: Every new test runner passes 3/3 (output, bad input, one pattern-specific property) | D13: Part3/evidence/test_results/*.txt | E13: correct | F13: 24 runners x 3 checks for the new problems; 40 runners in total
A14: P3-13 | B14: Part3/<8 new problem folders> | C14: New code compiles without warnings | D14: Part3/RUN-LOG-mac.txt (clang++ -Wall -Wextra -pedantic: 0 warnings); javac -Xlint:all -Werror run during development | E14: correct | F14: first Java draft had several types per file and no serialVersionUID (lint warnings); split into one type per file and fixed before measuring
A15: P3-14 | B15: Part3/<8 new problem folders>/cpp | C15: New C++ programs are memory-safe | D15: Part3/cpp-sanitizer-mac.txt (section 3) | E15: correct | F15: ASan+UBSan clean and macOS leaks: 0 leaks for all 8
A16: P3-15 | B16: Part3/<new problem>/<lang>/README.md | C16: JUnit facts in the new READMEs: EngineExecutionListener.NOOP is an interface constant; HierarchicalTestEngine.execute is final; JupiterTestEngine overrides createExecutorService; interceptors continue through Invocation.proceed(); ExecutionListenerAdapter implements EngineExecutionListener and holds a TestExecutionListener; SameThreadTimeoutInvocation wraps a delegate Invocation | D16: data/code: EngineExecutionListener.java:39; HierarchicalTestEngine.java:53; JupiterTestEngine.java:80; InvocationInterceptorChain.java:64-66; ExecutionListenerAdapter.java:28-31; SameThreadTimeoutInvocation.java:26-28 | E16: correct | F16: the Java Chain README first said JUnit passes a proceed callback; reworded to Invocation.proceed() | G16: Gautham Mohanraj
A17: P3-16 | B17: Part3/adapter-listener-bridge/javascript/src/adapter.js (written by Claude Code) | C17: lizard measures every production function (needed for max_function_cc) | D17: Part3/lizard-raw.txt; lizard src/adapter.js function list before/after | E17: partially correct | F17: lizard 1.24.1 stopped parsing adapter.js inside describe(), at a template literal nested in another one, so max CC was reported as 3; the line was rewritten without nesting (same output, tests 3/3) and lizard then saw every function: max CC 9, matching a manual count. Line counts of all 85 production files agree with an independent count within 10%. | G17: Gautham Mohanraj
A19: Source: Checks of the Part 3 LLM claims

Sheet test_counts
A1: commit | B1: snapshot | C1: suite | D1: classes | E1: tests | F1: skipped | G1: failures | H1: errors
A2: f59f60d | B2: baseline | C2: launcher tests | D2: 46 | E2: 382 | F2: 0 | G2: 0 | H2: 0
A3: 68a60e4 | B3: CH03a refactoring | C3: launcher tests | D3: 46 | E3: 382 | F3: 0 | G3: 0 | H3: 0
A4: 6f98fbf | B4: CH03b feature | C4: launcher tests | D4: 47 | E4: 391 | F4: 0 | G4: 0 | H4: 0
A5: f59f60d | B5: baseline all platform-tests | C5: all platform-tests | D5: 212 | E5: 2452 | F5: 6 | G5: 0 | H5: 0
A6: 6f98fbf | B6: CH03b all platform-tests | C6: all platform-tests | D6: 213 | E6: 2461 | F6: 6 | G6: 0 | H6: 0
A7: 67d159b | B7: CH01a refactoring | C7: launcher tests | D7: 47 | E7: 392 | F7: 0 | G7: 0 | H7: 0
A8: e55fefe | B8: CH01b feature | C8: launcher tests | D8: 48 | E8: 397 | F8: 0 | G8: 0 | H8: 0
A9: e55fefe | B9: CH01b all platform-tests | C9: all platform-tests | D9: 214 | E9: 2467 | F9: 6 | G9: 0 | H9: 0
A10: e55fefe | B10: before CH02 all jupiter-tests | C10: all jupiter-tests | D10: 344 | E10: 3381 | F10: 165 | G10: 0 | H10: 0
A11: 99987b0 | B11: CH02 all jupiter-tests | C11: all jupiter-tests | D11: 345 | E11: 3388 | F11: 165 | G11: 0 | H11: 0
A13: Source: Part2/changes/launcher_tests_by_snapshot.txt (fresh Gradle runs, counted by Part2/evidence/count_tests.py)
